emis,centre_no,name,quintile,wrote_2014,passed_2014,perc_2014,progressed_2015,wrote_2015,passed_2015,perc_2015,progressed_2016,wrote_2016,passed_2016,perc_2016
200300003,4161001,AMABELE SENIOR SECONDARY SCHOOL,1,37,14,37.8,0,38,29,76.3,12,51,36,70.6
200300869,4161002,BETHEL COLLEGE HIGH SCHOOL,99,59,42,71.2,3,46,31,67.4,0,34,24,70.6
200300024,4161003,BLYTHSWOOD INSTITUTION,3,80,50,62.5,12,81,34,42,7,101,59,58.4
200300033,4161048,BONGOLETHU SENIOR SECONDARY SCHOOL,2,26,13,50,2,35,11,31.4,0,24,9,37.5
200300741,4161037,BUTTERWORTH HIGH SCHOOL,4,81,61,75.3,4,85,78,91.8,0,84,77,91.7
200300879,4162019,BUTTERWORTH REVIVAL CHRISTIAN SCHOOL,2,,,0,,,,,0,23,19,82.6
200300053,4161004,CUNNINGHAM SENIOR SECONSARY SCHOOL,3,61,22,36.1,13,51,27,52.9,0,64,35,54.7
200300057,4161005,DALUHLANGA SENIOR SECONDARY SCHOOL,2,83,47,56.6,0,69,33,47.8,0,89,40,44.9
200300071,4161042,DONDASHE SENIOR SECONDARY SCHOOL,1,87,60,69,6,87,42,48.3,0,58,38,65.5
200300870,4161007,ELUKHANYISWENI COLLEGE,99,39,14,35.9,4,25,10,40,0,11,8,72.7
200300873,4162021,EMMANUEL JUNIOR SCHOOL,,12,9,75,16,29,18,62.1,0,41,31,75.6
200300788,4161009,EZINGCUKA SENIOR SECONDARY SCHOOL,1,157,105,66.9,2,171,31,18.1,0,143,50,35
200300744,4161008,EZINGQAYI SENIOR SECONDARY SCHOOL,2,64,39,60.9,0,109,66,60.6,0,125,65,52
200300093,4161010,EZIZWENI SENIOR SECONDARY SCHOOL,2,81,43,53.1,0,84,38,45.2,0,108,51,47.2
200300787,4161011,GOBE COMMERCIAL SCHOOL,2,66,55,83.3,0,114,100,87.7,0,81,70,86.4
200300123,4161012,GWADANA SENIOR SECONDARY SCHOOL,2,24,13,54.2,1,50,13,26,0,43,17,39.5
200300124,4161013,GWELANE SENIOR SECONDARY SCHOOL,1,76,39,51.3,0,60,34,56.7,0,57,23,40.4
200300149,4161014,ISOLOMZI SENIOR SECONDARY SCHOOL,1,44,39,88.6,0,55,46,83.6,0,64,62,96.9
200300723,4161038,JJ NJEZA SENIOR SECONDARY SCHOOL,1,101,52,51.5,2,102,66,64.7,0,91,54,59.3
200300165,4161043,JONGABANTU SENIOR SECONDARY SCHOOL,2,93,23,24.7,0,49,28,57.1,0,41,23,56.1
200300169,4161044,JONGILIZWE SENIOR SECONDARY SCHOOL,3,51,38,74.5,1,43,25,58.1,0,47,28,59.6
200300189,4161015,KRAZUKILE SENIOR SECONDARY SCHOOL,1,55,29,52.7,5,74,29,39.2,0,44,24,54.5
200300198,4161016,KWANTOZONKE SENIOR SECONDARY SCHOOL,3,49,12,24.5,1,53,26,49.1,0,43,17,39.5
200300782,4161017,LAMPLOUGH SENIOR SECONDARY SCHOOL,3,101,88,87.1,9,114,96,84.2,0,121,104,86
200300256,4161018,MABOBOTI S.S.S.,1,22,11,50,0,24,13,54.2,0,39,16,41
200300258,4161019,MACIBE SENIOR SECONDARY SCHOOL,2,53,39,73.6,4,86,56,65.1,0,106,49,46.2
200300846,4161039,MENTE SENIOR SECONDARY SCHOOL,1,62,56,90.3,1,118,98,83.1,0,173,73,42.2
200300329,4161045,MGOMANZI SENIOR SECONDARY SCHOOL,3,58,19,32.8,19,69,27,39.1,0,43,10,23.3
200300381,4161020,MSOBOMVU SENIOR SECONDARY SCHOOL,3,358,170,47.5,3,273,216,79.1,0,207,136,65.7
200300383,4161021,MTAWELANGA SENIOR SECONDARY SCHOOL,2,63,20,31.7,2,108,32,29.6,0,77,21,27.3
200300382,4161022,MTEBELE SENIOR SECONDARY SCHOOL,2,104,34,32.7,10,183,57,31.1,0,110,46,41.8
200300778,4161023,NCEDISIZWE SENIOR SECODARY SCHOOL,1,66,39,59.1,7,112,54,48.2,0,99,37,37.4
200300420,4161024,NDABANKULU SENIOR SECONDARY SCHOOL,3,164,126,76.8,2,190,123,64.7,0,184,129,70.1
200300443,4161051,NGUBESIZWE SENIOR SECONDARY SCHOOL,,,,0,0,19,11,57.9,0,29,13,44.8
200300472,4161025,NOLITHA COMPREHENSIVE TECHNICAL SCHOOL,3,72,39,54.2,2,131,66,50.4,0,59,29,49.2
200300434,4161026,NOMAHEYA SENIOR SECONDARY SCHOOL,3,125,36,28.8,9,130,41,31.5,0,123,43,35
200300488,4161040,NONDWE SENIOR SECONDARY SECONDARY,1,19,12,63.2,4,28,11,39.3,0,41,14,34.1
200300533,4161041,PAKAMANI SENIOR SECONDARY SCHOOL,3,149,133,89.3,3,212,148,69.8,0,167,133,79.6
200300790,4161027,QOMBOLO SENIOR SECONDARY SCHOOL,1,54,29,53.7,2,54,32,59.3,0,29,17,58.6
200300574,4161028,SIYABULELA SENIOR SECONDARY SCHOOL,3,47,14,29.8,9,42,24,57.1,0,45,16,35.6
200300823,4161029,SOPHAKAMA SENIOR SECONDARY SCHOOL,2,18,16,88.9,2,39,16,41,0,46,17,37
200300587,4161046,TANGA SENIOR SECONDARY SCHOOL,3,24,23,95.8,3,79,46,58.2,1,87,59,67.8
200300614,4161030,TYALI SENIOR SECONDARY SCHOOL,1,99,52,52.5,28,147,37,25.2,0,92,43,46.7
200300646,4161031,VULI-VALLEY SENIOR SECONDARY SCHOOL,4,154,82,53.2,1,131,90,68.7,0,120,82,68.3
200300650,4161032,VULUHLANGA SENIOR SECONDARY SCHOOL,2,40,30,75,0,48,40,83.3,0,48,38,79.2
200300663,4161033,XILINXA SENIOR SECONDARY SCHOOL,2,64,43,67.2,16,79,41,51.9,0,58,26,44.8
200300677,4161034,ZANEWONGA SENIOR SECONDARY SCHOOL,1,49,25,51,0,76,37,48.7,0,64,49,76.6
200300683,4161047,ZAZULWANA SENIOR SECONDARY SCHOOL,3,32,25,78.1,7,31,21,67.7,0,34,24,70.6
200300702,4161035,ZWELANDILE SENIOR SECONDARY SCHOOL,3,56,30,53.6,0,82,42,51.2,0,97,38,39.2
200300709,4161036,ZWELIWELILE SENIOR SECONDARY SCHOOL,3,104,42,40.4,1,118,28,23.7,0,95,51,53.7
200600003,4141001,A.M.ZANTSI SENIOR SECONDARY SCHOOL,1,55,54,98.2,4,64,53,82.8,26,58,49,84.5
200601046,4141002,ARTHUR MFEBE SENIOR SECONDARY SCHOOL,2,44,23,52.3,19,69,32,46.4,54,68,38,55.9
200601077,4141029,BUBELE SENIOR SECONDARY SCHOOL,1,11,7,63.6,2,15,1,6.7,7,17,3,17.6
200600109,4141003,COFIMVABA SENIOR SECONDARY SCHOOL,3,154,136,88.3,4,208,200,96.2,25,257,237,92.2
200600556,4091018,CRADOCK PRISON,3,5,0,0,0,5,3,60,0,5,5,100
200601092,4141005,DALIWONGA HIGH SCHOOL,2,102,65,63.7,17,109,72,66.1,30,133,94,70.7
200600195,4141030,FALO SENIOR SECONDARY SCHOOL,2,102,43,42.2,3,83,50,60.2,0,65,41,63.1
200300111,4141006,GOBINAMBA SENIOR SECONDARY SCHOOL,3,41,30,73.2,13,73,33,45.2,11,54,30,55.6
200601112,4141031,HALA SENIOR SECONDARY SCHOOL,1,24,18,75,0,32,17,53.1,12,27,11,40.7
200601031,4141007,ISIKHOBA NOMBEWU TECH S.S.,2,54,32,59.3,16,71,34,47.9,32,77,16,20.8
200300804,4141032,JONGIZIZWE NKWENKWEZI SECONDARY SCHOOL,2,30,14,46.7,3,29,15,51.7,7,37,18,48.6
200600335,4141009,KHWAZA SENIOR SECONDARY SCHOOL,1,58,27,46.6,4,68,28,41.2,59,43,17,39.5
200300207,4141010,LANGALETHU SENIOR SECONDARY SCHOOL,1,13,9,69.2,0,16,6,37.5,3,10,4,40
200601032,4141011,LOWER SEPLAN SENIOR SECONDARY SCHOOL,1,13,1,7.7,0,24,7,29.2,8,13,3,23.1
200300279,4141013,MANGELENGELE,2,54,44,81.5,6,67,51,76.1,0,79,58,73.4
200600456,4141014,MAZIBUKO SENOIR SECONDARY SCHOOL,1,39,34,87.2,0,62,15,24.2,34,38,25,65.8
200300343,4141015,MIDDLE ZOLO SENIOR SECONDARY SCHOOL,3,12,5,41.7,0,11,1,9.1,6,8,0,0
200601096,4141016,MTETUVUMILE,1,52,27,51.9,0,118,37,31.4,60,110,24,21.8
200601139,4141027,MZIMVUBU SENIOR SECONDARY SCHOOL,1,51,28,54.9,8,74,29,39.2,20,47,8,17
200600552,4141018,NCUNCUZO SENIOR SECONDARY SCHOOL,2,139,103,74.1,40,116,61,52.6,40,83,65,78.3
200300845,4141019,NDYEBO-NTSALUBA SENIOR SECONDARY SCHOOL,1,51,40,78.4,0,69,65,94.2,0,73,63,86.3
200601047,4141028,SABATA SENIOR SECONDARY SCHOOL,1,61,35,57.4,0,52,29,55.8,25,50,15,30
200600756,4141021,SIYABALALA SENIOR SECONDARY SCHOOL,1,70,31,44.3,2,39,9,23.1,19,28,11,39.3
200600987,4141022,ST. JAMES SENIOR SECONDARY SCHOOL,3,176,173,98.3,0,206,201,97.6,0,263,230,87.5
200300612,4141023,TSOMO SENIOR SECONDARY SCHOOL,3,108,69,63.9,17,128,89,69.5,59,147,67,45.6
200601045,4141025,ZWELANDILE SENIOR SECONDARY SCHOOL,2,61,20,32.8,0,56,14,25,45,47,26,55.3
200300711,4141026,ZWELIXOLILE SENIOR SECONDARY SCHOOL,2,18,9,50,0,12,9,75,0,20,17,85
200600117,4091001,CRADOCK HIGH SCHOOL,5,88,81,92,1,85,84,98.8,3,98,98,100
200600162,4091002,EKUPHUMLENI SENIOR SECONDARY SCHOOL,3,24,18,75,0,44,32,72.7,25,47,36,76.6
200600288,4091003,IKWEZI SENIOR SECONDARY SCHOOL,2,54,21,38.9,0,47,18,38.3,33,32,16,50
200600229,4091004,INYATHI HIGH SCHOOL,3,65,49,75.4,0,77,65,84.4,34,95,83,87.4
200600304,4091005,J.A CALATA SENIOR SECONDARY SCHOOL,3,66,56,84.8,51,143,102,71.3,27,97,81,83.5
200600345,4091006,KOPANO SENIOR SECONDARY SCHOOL,3,20,17,85,0,35,15,42.9,0,27,18,66.7
200600265,4091007,MARLOW AGRICULTURAL HIGH SCHOOL,3,45,44,97.8,1,45,44,97.8,0,34,34,100
200600453,4091017,MATTHEW GONIWE COMPREHENSIVE SCHOOL,3,24,16,66.7,29,59,27,45.8,22,27,11,40.7
200600458,4091008,MBEKWENI HIGH SCHOOL,2,25,24,96,0,39,23,59,13,30,25,83.3
200600482,4091009,MICHAUSDAL SECONDARY SCHOOL,3,60,57,95,15,110,97,88.2,10,85,65,76.5
200600483,4091010,MIDDELBURG HIGH SCHOOL,4,33,32,97,0,37,36,97.3,1,35,35,100
200600484,4091011,MIDDELLAND SECONDARY SCHOOL,3,69,64,92.8,44,121,90,74.4,28,88,69,78.4
200600969,4091012,PHAKAMA HOFMEYR HIGH SCHOOL,3,12,8,66.7,2,48,10,20.8,23,36,20,55.6
200600705,4091013,RAYMOND MHLABA SENIOR SECONDARY SCHOOL,3,42,26,61.9,0,24,20,83.3,8,33,24,72.7
200600761,4091014,SIZAMILE SENIOR SECONDARY SCHOOL,3,22,22,100,0,27,20,74.1,0,14,12,85.7
200600819,4091015,TARKASTAD HIGH SCHOOL,4,15,15,100,0,26,26,100,0,16,16,100
200600936,4091016,ZANABANTU HIGH SCHOOL,3,21,18,85.7,7,32,7,21.9,0,16,14,87.5
200300008,4151001,BADI SENIOR SECONDARY SCHOOL,2,90,71,78.9,3,145,75,51.7,32,107,64,59.8
200300011,4151002,BASHEE SENIOR SECONDARY SCHOOL,1,80,43,53.8,8,135,77,57,13,189,76,40.2
200300028,4151003,BOMELA SENIOR SECONDARY SCHOOL,2,51,19,37.3,7,77,35,45.5,44,49,32,65.3
200300831,4151004,BONKOLO SENIOR SECONDARY SCHOOL,3,69,30,43.5,1,82,37,45.1,10,130,65,50
200300051,4151005,COLOSA SENIOR SECONDARY SCHOOL,2,143,94,65.7,26,224,101,45.1,48,238,94,39.5
200300836,4151006,DINIZULU SENIOR SECONDARY SCHOOL,2,37,29,78.4,4,94,34,36.2,29,79,45,57
200300875,4151038,DUMALISILE COMPREHENSIVE HIGH SCHOOL,1,96,65,67.7,2,50,28,56,22,117,46,39.3
200400149,4151007,ELLIOTDALE TECH,3,117,74,63.2,6,123,75,61,31,124,88,71
200300086,4151008,ENOCH MAMBA SNR S,1,63,25,39.7,0,82,28,34.1,24,117,47,40.2
200401413,4152009,EXECUTIVE ACADEMY,99,368,209,56.8,1,470,301,64,0,338,250,74
200300100,4151010,FORT MALAN SENIOR SECONDARY SCHOOL,2,51,39,76.5,12,114,59,51.8,40,99,48,48.5
200400194,4151011,GANIZULU SENIOR SECONDARY SCHOOL,1,78,38,48.7,3,139,83,59.7,35,138,108,78.3
200400250,4151012,GWEBITYALA SENIOR SECONDARY SCHOOL,1,64,22,34.4,1,92,42,45.7,0,168,95,56.5
200401414,4152013,IDUTYWA SCHOOL OF EXCELLENCE,99,183,77,42.1,0,191,114,59.7,5,237,158,66.7
200400280,4151014,JALAMBA SENIOR SECONDARY SCHOOL,3,13,9,69.2,8,86,44,51.2,14,81,37,45.7
200300168,4151015,JONGILANGA SENIOR SECONDARY SCHOOL,1,41,14,34.1,28,56,13,23.2,31,55,29,52.7
200300153,4151016,JS SKENJANA SENIOR SECONDARY SCHOOL,3,225,201,89.3,35,261,195,74.7,56,224,177,79
200300202,4151017,LM MALGAS SENIOR SECONDARY SCHOOL,2,31,17,54.8,1,71,22,31,8,73,10,13.7
200300857,4151019,LUKHOZANA SENIOR SECONDARY SCHOOL,2,13,7,53.8,0,17,4,23.5,14,12,1,8.3
200300850,4151020,LURWAYIZO SENIOR SECONDARY SCHOOL,1,13,5,38.5,0,19,7,36.8,3,17,12,70.6
200300295,4151021,MATHUMBU SENIOR SECONDARY SCHOOL,1,,,0,1,75,9,12,1,92,15,16.3
200300801,4151022,MAZIZINI SENIOR SECONDARY SCHOOL,2,52,41,78.8,1,97,41,42.3,5,109,54,49.5
200300314,4151042,MDENI SENIOR SECONDARY SCHOOL,1,84,64,76.2,0,104,38,36.5,4,157,59,37.6
200300868,4152023,MIDA SCHOOL,99,105,84,80,0,100,66,66,0,138,108,78.3
200300780,4151024,MPOZOLO SENIOR SECONDARY SCHOOL,1,33,14,42.4,3,39,24,61.5,36,40,19,47.5
200400734,4151025,NGANGOLWANDLE SENIOR SENIOR SECONDARY,1,331,230,69.5,8,648,415,64,72,707,200,28.3
200300433,4151026,NGCINGWANE TECH S.S.S.,3,102,65,63.7,30,131,77,58.8,30,206,55,26.7
200300449,4151027,NGWENZE SENIOR SENIOR SECONDARY SCHOOL,2,121,53,43.8,12,155,76,49,1,169,104,61.5
200400808,4151028,NOBANGILE SENIOR SECONDARY SCHOOL,1,67,26,38.8,6,103,59,57.3,21,73,44,60.3
200300503,4151037,NQABARA SENIOR SECONDARY SCHOOL,1,101,53,52.5,0,201,104,51.7,24,213,121,56.8
200300832,4151030,NQABISILE SENIOR SECONDARY SCHOOL,1,23,9,39.1,4,56,18,32.1,0,18,3,16.7
400200819,4193096,ST. THOMAS FOR THE DEAF,99,12,1,8.3,0,12,0,0,0,14,2,14.3
200300627,4151031,UPPER GWADU SENIOR SECONDARY SCHOOL,2,50,37,74,5,49,27,55.1,1,60,40,66.7
200300719,4151032,VULINGCOBO SENIOR SECONDARY SCHOOL,1,84,51,60.7,6,99,70,70.7,31,89,49,55.1
200300764,4151033,WILLOVALE SENIOR SECONDARY SCHOOL,3,79,31,39.2,21,71,28,39.4,40,68,38,55.9
200300666,4151034,XOLILIZWE SENIOR SECONDARY SCHOOL,2,172,74,43,26,172,25,14.5,16,182,48,26.4
200401208,4151035,ZWELENQABA SENIOR SECONDARY SCHOOL,1,72,24,33.3,6,194,70,36.1,24,155,64,41.3
200300703,4151036,ZWELIDUMILE SENIOR SECONDARY SCHOOL,1,100,33,33,6,78,42,53.8,32,88,50,56.8
200200091,4182001,ACCORD BUSINESS ACADEMY,99,21,10,47.6,5,31,11,35.5,0,24,5,20.8
200200009,4182002,ALPHENDALE SECONDARY SCHOOL,4,117,97,82.9,26,190,160,84.2,31,136,107,78.7
200201004,4182003,ALTHORPE COLLEGE,99,67,41,61.2,10,86,41,47.7,0,61,35,57.4
200200035,4181004,BEACONHURST SCHOOL,5,47,47,100,0,62,62,100,0,54,54,100
200201048,4181005,BHONGOLETHU SENIOR SECONDARY SCHOOL,2,50,39,78,33,72,45,62.5,0,79,50,63.3
200200072,4181006,BLYLETTS COMBINED SCHOOL,2,130,110,84.6,16,138,110,79.7,21,108,76,70.4
200200060,4181007,BUCHULE TECHNICAL HIGH SCHOOL,3,43,27,62.8,66,109,31,28.4,34,29,23,79.3
200200075,4181008,CAMBRIDGE HIGH SCHOOL,5,176,175,99.4,0,208,208,100,0,177,177,100
200300874,4182090,CANNAN ACADEMY,99,24,11,45.8,1,36,26,72.2,1,49,37,75.5
200201069,4182088,CENTRE OF EXCELLENCE,99,74,56,75.7,8,81,60,74.1,0,147,114,77.6
200200088,4181009,CLARENDON GIRLS HIGH SCHOOL,5,147,147,100,0,141,141,100,0,143,143,100
200200111,4181011,DAVID MAMA HIGH SCHOOL,3,90,58,64.4,5,99,81,81.8,23,102,84,82.4
200201035,4181012,EAST LONDON SCIENCE COLLEGE,99,62,62,100,3,72,63,87.5,3,64,60,93.8
200200139,4181052,EAST LONDON SECONDARY SCHOOL,4,53,50,94.3,15,100,79,79,1,62,54,87.1
200200141,4181013,EBENZER MAJOMBOZI HIGH SCHOOL,3,126,115,91.3,72,193,114,59.1,81,176,122,69.3
200200168,4181053,ERIC MNTONGA HIGH SCHOOL,3,46,18,39.1,19,43,15,34.9,22,32,23,71.9
200200191,4181014,FUNIWE SENIOR SECONDARY SCHOOL,2,68,61,89.7,14,62,43,69.4,16,66,32,48.5
200200203,4181015,GEORGE RANDELL HIGH SCHOOL,5,74,72,97.3,2,89,88,98.9,0,70,70,100
200201018,4181090,GONUBIE HIGH SCHOOL,4,80,77,96.3,4,83,83,100,0,62,59,95.2
200200990,4181054,GOODHOPE SENIOR SECONDARY SCHOOL,2,51,25,49,1,52,16,30.8,0,109,12,11
200200220,4181055,GREENPOINT SECONDARY SCHOOL,4,87,68,78.2,12,112,102,91.1,1,120,107,89.2
200200253,4181016,GRENS HIGH SCHOOL,5,113,113,100,3,111,111,100,0,109,107,98.2
200200227,4181017,GWABA COMBINED SCHOOL,3,34,19,55.9,8,37,17,45.9,0,27,6,22.2
200200248,4181019,HLOKOMA HIGH SCOOL,3,76,69,90.8,7,71,40,56.3,25,40,32,80
200200251,4181020,HLUMANI HIGH SCHOOL,3,64,37,57.8,17,88,33,37.5,7,88,19,21.6
200200260,4181021,HUDSON PARK HIGH SCHOOL,5,222,222,100,1,212,210,99.1,0,213,212,99.5
200200985,4181056,INKWENKWEZI HIGH SCHOOL,3,43,27,62.8,0,60,16,26.7,0,42,21,50
200200455,4181022,J F MATI SENIOR SECONDARY SCHOOL,3,44,24,54.5,25,65,23,35.4,27,32,14,43.8
200200292,4181057,JOHN BISSEKER SECONDARY SCHOOL,4,121,107,88.4,38,227,128,56.4,3,204,154,75.5
200200294,4181058,JONGILANGA HIGH SCHOOL,2,37,14,37.8,1,32,11,34.4,0,28,13,46.4
200200296,4181059,JONGUHLANGA SENIOR SECONDARY SCHOOL,3,10,5,50,0,15,10,66.7,2,37,15,40.5
200200314,4181060,KHULANI COMMERCIAL HIGH SCHOOL,3,149,121,81.2,2,115,96,83.5,28,164,133,81.1
200200333,4181024,KUSILE COMPREHESIVE SCHOOL,3,127,92,72.4,70,205,93,45.4,26,118,84,71.2
200200342,4181061,KWENXURA SENIOR SECONDARY SCHOOL,1,41,21,51.2,13,57,24,42.1,17,51,24,47.1
200200359,4181026,LILYFONTEIN SCHOOL,5,26,26,100,0,27,27,100,0,26,26,100
200200362,4181025,LINGELETHU SENIOR SECONDARY SCHOOL,2,89,37,41.6,27,99,37,37.4,14,94,37,39.4
200200371,4181062,LOYISO SENIOR SECONDARY SCHOOL,3,45,28,62.2,45,102,25,24.5,4,42,24,57.1
200200379,4181063,LUMKO HIGH SCHOOL,3,84,66,78.6,3,114,84,73.7,55,112,72,64.3
200200437,4181027,MASIXOLE HIGH SCHOOL,3,62,39,62.9,16,94,38,40.4,12,88,44,50
200200483,4181028,MIZAMO SENIOR SECONDARY SCHOOL,3,60,25,41.7,4,89,54,60.7,0,88,55,62.5
200200495,4181029,MOSES MABHIDA SENIOR SECONDARY SCHOOL,3,36,22,61.1,6,37,23,62.2,0,22,20,90.9
200200504,4181030,MSOBOMVU HIGH SCHOOL,2,10,3,30,3,18,2,11.1,0,4,0,0
200200521,4181091,MZAMOWETHU PUBLIC SCHOOL,3,39,22,56.4,3,54,33,61.1,14,60,27,45
200200527,4181065,MZOKHANYO HIGH SCHOOL,3,62,37,59.7,58,130,54,41.5,68,110,44,40
200200528,4181066,MZOMHLE SENIOR SECONDARY SCHOOL,3,83,51,61.4,35,121,77,63.6,0,136,60,44.1
200201049,4181031,MZWINI SENIOR SECONDARY SCHOOL,2,14,6,42.9,15,25,5,20,26,15,9,60
200200574,4181067,NGWENYATHI HIGH SCHOOL,3,57,50,87.7,0,91,56,61.5,24,81,55,67.9
200200619,4181032,NONCEDO COMBINED SCHOOL,3,24,13,54.2,8,34,17,50,9,24,17,70.8
200200639,4181068,NOWAWE HIGH SCHOOL,3,26,11,42.3,0,74,17,23,14,61,24,39.3
200200658,4181033,NTSOKOTHA SENIOR SECONDARY SCHOOL,3,39,29,74.4,16,47,18,38.3,0,73,33,45.2
200200664,4181034,NYAMEKO HIGH SCHOOL,3,158,128,81,26,127,103,81.1,0,107,89,83.2
200200996,4182035,OXFORD COLLEGE,99,16,7,43.8,3,12,2,16.7,2,8,2,25
200200688,4181036,PHILEMON NGCELWANE HIGH SCHOOL,3,78,56,71.8,2,93,73,78.5,9,136,89,65.4
200200699,4181037,PORT REX TECHNICAL HIGH,5,96,77,80.2,14,94,75,79.8,9,78,53,67.9
200200707,4181069,QAQAMBA SENIOR SECONDARY SCHOOL,3,50,40,80,92,111,19,17.1,61,64,39,60.9
200200988,4181038,QHAMANI SENIOR SECONDARY SCHOOL,3,13,12,92.3,0,11,8,72.7,12,43,14,32.6
200200714,4181070,QHASANA SENIOR SECONDARY SCHOOL,3,45,28,62.2,7,55,10,18.2,15,70,8,11.4
200200737,4181071,S E K MQHAYI HIGH SCHOOL,3,34,27,79.4,41,57,14,24.6,0,24,13,54.2
200201033,4181088,SAKHIKAMVA HIGH SCHOOL,3,65,30,46.2,26,61,18,29.5,20,39,25,64.1
200200742,4181072,SAKHISIZWE HIGH SCHOOL,3,53,39,73.6,17,62,41,66.1,17,112,86,76.8
200200748,4181039,SANDISIWE HIGH SCHOOL,3,107,66,61.7,19,135,70,51.9,24,70,62,88.6
200200705,4181040,SELBORNE COLLEGE BOYS HIGH,2,142,141,99.3,0,147,147,100,0,139,139,100
200200765,4181041,SIKHULULE HIGH SCHOOL,3,76,41,53.9,38,129,65,50.4,15,118,49,41.5
200200767,4181073,SILIMELA HIGH SCHOOL,3,38,25,65.8,20,83,23,27.7,6,52,19,36.5
200200774,4181074,SINETHEMBA SENIOR SECONDARY SCHOOL,3,75,43,57.3,10,86,20,23.3,0,46,14,30.4
200200775,4181042,SINIKIWE HIGH SCHOOL,3,37,27,73,8,28,14,50,3,28,20,71.4
200200778,4181075,SINOVUYO HIGH SCHOOL,3,48,17,35.4,32,61,16,26.2,17,30,16,53.3
200201002,4181076,SIYAZAKHA SECONDARY SCHOOL,3,32,17,53.1,12,40,13,32.5,0,32,14,43.8
200200802,4181077,SOLOMON MAHLANGU SENIOR SECONDARY SCHOOL,3,61,29,47.5,27,74,31,41.9,44,76,31,40.8
200201050,4181045,SOPHATHISANA SENIOR SECONDARY SCHOOL,3,87,63,72.4,19,130,74,56.9,6,178,127,71.3
200200822,4181078,STIRLING HIGH SCHOOL,5,199,199,100,2,219,218,99.5,1,217,216,99.5
200200857,4181079,TSHOLOMNQA HIGH SCHOOL,2,92,60,65.2,22,149,57,38.3,50,126,46,36.5
200200872,4181046,ULWAZI HIGH SCHOOL,3,47,43,91.5,0,78,78,100,17,83,79,95.2
200200874,4181080,UMTIZA HIGH SCHOOL,3,105,58,55.2,51,105,58,55.2,0,125,64,51.2
200200876,4181081,UMZUVUKILE HIGH SCHOOL,2,34,25,73.5,28,56,16,28.6,16,38,21,55.3
200201047,4181047,UNATHI SECONDARY SCHOOL,3,95,81,85.3,51,134,93,69.4,19,103,75,72.8
200200881,4181082,UVIWE SENIOR SECONDARY SCHOOL,3,76,66,86.8,29,52,36,69.2,26,67,58,86.6
200200887,4181048,VULAMAZIBUKO HIGH SCHOOL,3,110,78,70.9,13,108,70,64.8,0,121,84,69.4
200200901,4181050,WESTBANK BANK HIGH SCHOOL,5,72,71,98.6,0,72,69,95.8,3,71,66,93
200200906,4181084,WONGALETHU HIGH SCHOOL,3,110,19,17.3,30,163,44,27,14,144,47,32.6
200200947,4181051,ZINZANI SENIOR SECONDARY SCHOOL,3,39,27,69.2,25,76,38,50,28,86,25,29.1
200200963,4181087,ZWELIYANDILA HIGH SCHOOL,2,79,44,55.7,3,78,10,12.8,7,94,12,12.8
200100012,4171044,ADELAIDE GYMNASIUM,4,53,44,83,7,81,65,80.2,5,66,54,81.8
200200002,4171001,AM TAPA SENIOR SECONDARY SCHOOL,3,49,26,53.1,2,57,27,47.4,8,49,18,36.7
200200010,4171002,AMABHELE HIGH SCHOOL,3,15,13,86.7,0,19,9,47.4,0,21,7,33.3
200100030,4171045,AMAJINGQI SENIOR SECONDARY SCHOOL,3,34,15,44.1,14,54,15,27.8,0,46,25,54.3
200200106,4171003,DALUBUHLE HIGH SCHOOL,2,21,14,66.7,23,36,13,36.1,1,25,19,76
200200120,4171004,DILIZINTABA SENIOR SECONDARY SCHOOL,2,24,8,33.3,0,28,11,39.3,0,25,5,20
200200150,4171005,ELUKHANYISWENI SENIOR SCHOOL,2,26,14,53.8,0,35,22,62.9,0,27,22,81.5
200200154,4171006,EMDENI SENIOR SECONDARY SCHOOL,3,39,12,30.8,1,41,23,56.1,0,26,18,69.2
200200164,4171007,ENKWENKWEZINI SENIOR SECONDARY SCHOOL,3,19,16,84.2,0,15,15,100,3,19,18,94.7
200100214,4171008,EYABANTU SENIOR SECONDARY SCHOOL,3,32,16,50,2,28,20,71.4,0,41,27,65.9
200200197,4171009,GCATO SENIOR SECONDARY SCHOOL,3,39,11,28.2,6,39,16,41,2,51,16,31.4
200200202,4171011,GEORGE MQALO HIGH SCHOOL,3,19,9,47.4,0,14,5,35.7,5,22,17,77.3
200200209,4171010,GOBIZEMBE HIGH SCHOOL,3,15,11,73.3,1,26,23,88.5,5,14,14,100
200100296,4171012,HEALDTOWN HIGH SCHOOL,2,14,10,71.4,2,24,7,29.2,0,39,9,23.1
200200269,4171013,IMINGCANGATHELO HIGH SCHOOL,3,45,27,60,3,82,53,64.6,0,34,31,91.2
200100338,4171015,INYIBIBA HIGH SCHOOL,3,61,35,57.4,1,62,21,33.9,23,20,16,80
200200282,4171016,J.M NDINDWA HIGH SCHOOL,3,43,15,34.9,0,70,4,5.7,0,56,24,42.9
200200283,4171017,JABAVU SENIOR SECONDARY SCHOOL,3,133,69,51.9,7,123,48,39,4,119,55,46.2
200200297,4171018,JOSI-MARELA HIGH SCHOOL,2,31,15,48.4,0,21,5,23.8,0,27,7,25.9
200200302,4171019,KAMA HIGH SCHOOL,3,35,31,88.6,9,76,30,39.5,0,93,24,25.8
200200330,4171060,KULILE J.S.S.,2,50,29,58,0,70,29,41.4,1,70,13,18.6
200100455,4171021,LINDANI SENIOR SECONDARY SCHOOL,3,51,24,47.1,7,46,21,45.7,9,32,13,40.6
200100462,4171046,LONWABO HIGH SCHOOL,3,34,15,44.1,5,26,13,50,22,30,7,23.3
200200377,4171020,LUKHOZI HIGH SCHOOL,3,12,7,58.3,15,43,13,30.2,13,21,16,76.2
200100500,4171022,MASIZAKHE SENIOR SECONDARY SCHOOL,3,26,3,11.5,0,18,7,38.9,0,14,6,42.9
200200457,4171023,MDIBANISO SENIOR SECONDARY SCHOOL,2,39,18,46.2,0,56,28,50,0,62,23,37.1
200200479,4171024,MHLAMBISO HIGH SCHOOL,3,18,11,61.1,4,31,12,38.7,1,27,9,33.3
200200496,4171025,MPAMBANI MZIMBA HIGH SCHOOL,3,42,20,47.6,5,45,21,46.7,3,49,27,55.1
200200560,4171028,NGANGELIZWE SENIOR SECONDARY SCHOOL,2,37,7,18.9,3,33,4,12.1,9,16,6,37.5
200200642,4171029,NOZALISILE SENIOR SECONDARY SCHOOL,3,16,11,68.8,4,30,17,56.7,0,18,11,61.1
200200646,4171030,NTABENKONYANA SENIOR SECONDARY SCHOOL,2,85,53,62.4,34,176,96,54.5,16,154,83,53.9
200200670,4171031,NZULULWAZI HIGH SCOOL,3,54,36,66.7,9,64,47,73.4,10,55,35,63.6
200200684,4171032,PHANDULWAZI AGRICULTURAL HIGH SCHOOL,3,53,47,88.7,0,55,44,80,0,77,70,90.9
200100672,4171033,SAKHULULEKA HIGH SCHOOL,3,87,55,63.2,2,82,45,54.9,10,148,45,30.4
200200782,4171034,SISEKO HIGH SCHOOL,2,56,39,69.6,16,47,18,38.3,5,34,19,55.9
200200790,4171035,SIYABONGA SENIOR SECONDARY SCHOOOL,3,18,9,50,5,33,7,21.2,1,20,11,55
200200828,4171036,TAMSANQA HIGH SCHOOL,2,30,7,23.3,2,28,12,42.9,10,25,13,52
200100771,4171047,TEMPLETON HIGH SCHOOL,4,38,32,84.2,3,33,22,66.7,0,32,24,75
200200843,4171037,THOBELANI SENIOR SECONDARY SCHOOL,3,32,18,56.3,0,25,21,84,0,48,17,35.4
200100908,4171038,THUBALETHU HIGH SCHOOL,4,57,36,63.2,0,83,41,49.4,1,91,48,52.7
200200862,4171039,TYALI HIGH SCHOOL,3,9,4,44.4,3,14,5,35.7,0,9,7,77.8
200100862,4171041,WINTERBERG AGRICULTURAL HIGH SCHOOL,5,37,37,100,0,45,44,97.8,3,48,46,95.8
200200928,4171042,ZANOBUZWE SENIOR SECONDARY SCHOOL,3,19,7,36.8,0,19,7,36.8,0,20,2,10
200200960,4171043,ZWELIMJONGILE SENIOR SECONDARY SCHOOL,2,11,10,90.9,4,13,10,76.9,5,26,13,50
200100005,4201001,ABERDEEN SENIOR SECONDARY SCHOOL,3,50,20,40,23,61,18,29.5,12,61,29,47.5
200100018,4201002,AEROVILLE SENIOR SECONDARY SCHOOL,3,70,48,68.6,21,98,56,57.1,19,69,58,84.1
200100041,4201003,ASHERVILLE SENIOR SECONDARY SCHOOL,3,79,48,60.8,15,95,51,53.7,47,69,52,75.4
200100105,4201004,CAREL DU TOIT HIGH SCHOOL,3,26,3,11.5,10,42,5,11.9,10,19,5,26.3
200101024,4201005,COOKHOUSE SENIOR SECONDARY SCHOOL,3,30,6,20,1,30,4,13.3,4,22,15,68.2
200100240,4201006,GCINIBUZWE COMBINED SCHOOL,3,9,7,77.8,1,12,8,66.7,6,10,5,50
200100250,4201007,GILL COLLEGE,5,44,44,100,0,53,53,100,0,62,60,96.8
200100311,4201008,HOeR VOLKSKOOL,5,51,51,100,1,64,63,98.4,3,59,59,100
200100314,4201009,HOeRSKOOL JANSENVILLE,3,34,33,97.1,11,48,42,87.5,9,31,26,83.9
200100359,4201010,JOHNSON NQONQOZA SENIOR SECONDARY SCHOOL,3,49,30,61.2,5,48,33,68.8,3,20,20,100
200100398,4201011,KLIPPLAAT SENIOR SECONDARY SCHOOL,3,15,5,33.3,7,15,5,33.3,4,7,7,100
200100592,4201012,NQWEBA SENIOR SECONDARY SCHOOL,3,64,37,57.8,6,48,37,77.1,19,76,52,68.4
200100621,4201013,PEARSTON SENIOR SECONDARY SCHOOL,3,33,7,21.2,12,70,19,27.1,2,26,8,30.8
200100722,4201014,SPANDAU SENIOR SECONDARY SCHOOL,3,156,100,64.1,3,118,58,49.2,29,89,63,70.8
200100807,4201015,UNION HIGH SCHOOL,5,51,49,96.1,1,61,59,96.7,0,64,60,93.8
200100024,4211001,ALEXANDRIA HIGH SCHOOL,3,32,21,65.6,0,37,26,70.3,8,41,29,70.7
200100270,4211004,GRAEME COLLEGE BOYS HIGH,5,76,74,97.4,0,54,53,98.1,0,62,62,100
200100300,4211005,HENDRICK KANISE COMBINED SCHOOL,3,10,8,80,0,14,6,42.9,0,11,8,72.7
200100612,4211006,HOeRSKOOL P.J OLIVIER,5,30,26,86.7,0,23,22,95.7,0,38,31,81.6
200100375,4211007,IKAMVALESIZWE COMBINED SCHOOL,3,37,21,56.8,0,42,20,47.6,0,44,18,40.9
200100382,4211008,KHUTLISO DANIELS SECONDARY SCHOOL,3,27,7,25.9,0,30,7,23.3,7,20,10,50
200100419,4211009,KUYASA COMBINED SCHOOL,3,51,38,74.5,0,56,44,78.6,34,47,28,59.6
200100493,4211010,MARY WATER HIGH SCHOOL,3,95,64,67.4,0,107,80,74.8,12,120,85,70.8
200100553,4211011,NATHANIEL NYALUZA SECONDARY SCHOOL,3,40,22,55,0,89,24,27,17,67,32,47.8
200100580,4211012,NOMBULELO SECONDARY SCHOOL,3,116,75,64.7,0,163,86,52.8,35,79,45,57
200100582,4211013,NOMPUCUKO COMBINED SCHOOL,3,35,10,28.6,0,25,7,28,43,25,14,56
200100583,4211014,NOMZAMO SECONDARY SCHOOL,3,60,50,83.3,0,54,43,79.6,3,52,48,92.3
200100597,4211015,NTSIKA SECONDARY SCHOOL,3,47,38,80.9,0,64,47,73.4,18,70,61,87.1
200100632,4211016,PORT ALFRED HIGH SCHOOL,5,63,61,96.8,0,55,52,94.5,0,57,54,94.7
200100767,4211018,T EM MRWETYANA SENIOR SECONDARY SCHOOOL,3,45,19,42.2,0,53,22,41.5,25,55,14,25.5
200100806,4211019,UKHANYO SECONDARY SCHOOL,3,43,26,60.5,0,85,18,21.2,17,14,7,50
200100814,4211020,VELILE SENIOR SECONDARY SCHOOL,3,30,21,70,0,48,22,45.8,0,36,31,86.1
200100820,4211021,VICTORIA GIRLS HIGH SCHOOL,5,84,84,100,0,83,83,100,0,69,69,100
200100858,4201016,WILLOWMORE SENIOR SECONDARY SCHOOL,3,100,57,57,24,98,67,68.4,9,94,72,76.6
200200001,4191001,A M SITYANA HIGH SCHOOL,2,42,25,59.5,3,41,16,39,19,45,18,40
200200005,4191002,ALFRED GIBA SENIOR SECONDARY SCHOOL,2,19,13,68.4,3,12,6,50,0,6,2,33.3
200200017,4191078,AMAZIZI SENIOR SECONDARY SCHOOL,3,123,91,74,3,135,92,68.1,6,154,75,48.7
200200022,4191004,ARCHIE VELILE SENIOR SECONDARY SCHOOL,3,95,78,82.1,9,103,57,55.3,3,88,38,43.2
200200028,4191005,B KAT SENIOR SECONDARY SCHOOL,3,20,17,85,2,27,11,40.7,6,25,12,48
200200044,4191006,BHISHO HIGH SCHOOL,3,178,165,92.7,1,189,162,85.7,19,243,205,84.4
200200058,4191007,BREIDBACH SENIOR SECONDARY SCHOOL,3,106,80,75.5,2,117,90,76.9,0,144,121,84
200600095,4191008,CATHCART HIGH SCHOOL,4,51,51,100,0,76,76,100,0,60,59,98.3
200200083,4191132,CHARLES MORGAN PUBLIC SCHOOL,3,,,0,0,16,6,37.5,3,31,18,58.1
200200103,4191009,DALE COLLEGE BOYS HIGH SCHOOL,5,114,104,91.2,0,117,103,88,2,104,90,86.5
200200126,4191010,DONDASHE SENIOR SECONDARY SCHOOL,2,38,10,26.3,0,40,11,27.5,0,28,12,42.9
200200983,4191011,DUMALISILE SECONDARY SCHOOL,3,40,10,25,0,50,19,38,0,36,10,27.8
200200156,4191012,EMFUNDWENI SENIOR SECONDARY SCHOOL,2,35,19,54.3,2,64,23,35.9,21,60,17,28.3
200200157,4191080,EMGWALI PUBLIC SCHOOL,3,63,22,34.9,0,56,14,25,0,63,19,30.2
200200165,4191013,ENOCH SONTONGA SENIOR SECONDARY SCHOOL,3,126,110,87.3,5,105,84,80,0,123,103,83.7
200200183,4191081,FORBES GRANT SENIOR SECONDARY SCHOOL,3,92,22,23.9,0,95,41,43.2,24,101,19,18.8
200600208,4191014,FUNDANI HIGH SCHOOL,3,97,47,48.5,4,99,51,51.5,1,139,70,50.4
200200196,4191015,GASELA HIGH SCHOOL,3,54,22,40.7,0,69,36,52.2,29,43,33,76.7
200200201,4191082,GEJU HIGH SCHOOL,2,27,13,48.1,0,12,10,83.3,0,21,11,52.4
200200226,4191016,GUSHIPHELA SENIOR SECONDARY SCHOOL,2,15,9,60,0,26,21,80.8,0,19,15,78.9
200200233,4191017,H.H MAJIZA SENIOR SECONDARY SCHOOL,3,35,10,28.6,0,28,16,57.1,0,33,11,33.3
200200240,4191019,HECTOR PETERSON HIGH SCHOOL,3,166,123,74.1,0,218,157,72,32,167,144,86.2
200200252,4191020,HOeRSKOOL DE VOS MALAN,5,68,64,94.1,0,59,57,96.6,1,84,82,97.6
200200254,4191083,HOHO SENIOR SECONDARY SCHOOL,3,39,30,76.9,0,39,20,51.3,0,41,16,39
200200267,4191084,IMIDUSHANE SENIOR SECONDARY SCHOOL,3,44,18,40.9,3,25,12,48,0,48,31,64.6
200200270,4191021,IMIQHAYI SENIOR SECONDARY SCHOOL,3,38,22,57.9,14,59,37,62.7,6,58,37,63.8
200201016,4191114,IQONCE HIGH SCHOOL,3,49,28,57.1,6,50,19,38,10,39,20,51.3
200200763,4191023,ISIHOBOTI PUBLIC COMBINED SCHOOL,3,13,12,92.3,0,23,21,91.3,0,37,31,83.8
200200285,4191085,JALI HIGH SCHOOL,2,29,21,72.4,1,32,21,65.6,7,43,24,55.8
200200290,4191025,JIM MVABAZA SENIOR SECONDARY SCHOOL,2,22,10,45.5,0,25,23,92,0,25,16,64
200200295,4191026,JONGILE NOMPONDO PUBLIC SCHOOL,3,111,82,73.9,0,218,86,39.4,24,193,128,66.3
200200299,4191108,JULY SENIOR SECONDARY SCHOOL,2,21,17,81,0,10,8,80,0,22,10,45.5
200200303,4191086,KANANA SENIOR SECONDARY SCHOOL,2,26,14,53.8,0,15,8,53.3,0,31,7,22.6
200200306,4191027,KAULELA SENIOR SECONDARY SCHOOL,2,20,14,70,0,5,3,60,0,18,7,38.9
200200308,4191028,KEI ROAD COMBINED SCHOOL,3,20,5,25,0,22,13,59.1,16,34,3,8.8
200201078,4182091,KINGS COLLEGE,99,,,0,0,17,13,76.5,0,23,20,87
200200300,4191029,KINGSRIDGE HIGH SCHOOL,5,92,92,100,0,88,88,100,0,92,92,100
200200328,4191087,KUBUSIE COMBINES SCHOOL,3,62,34,54.8,3,89,36,40.4,14,69,40,58
200200334,4191088,KUYASA SENIOR SECONDARY SCHOOL,3,67,43,64.2,13,132,71,53.8,0,115,70,60.9
200200345,4191033,KWEZILENTABA SENIOR SECONDARY SCHOOL,3,13,10,76.9,0,13,7,53.8,0,13,5,38.5
200200725,4191056,RABULA SENIOR SECONDARY SCHOOL,3,12,0,0,0,17,3,17.6,10,15,9,60
200200729,4191099,RESHWA SENIOR SECONDARY SCHOOL,3,14,5,35.7,0,11,7,63.6,1,12,3,25
200200730,4191100,RICHARD VARHA HIGH SCHOOL,3,125,108,86.4,0,139,108,77.7,19,187,143,76.5
200200744,4191121,SAKUPHUMELELA SEN SEC SCHOOL,2,,,0,,,,,0,28,13,46.4
200200770,4191057,SIMZAMILE SENIOR SECONDARY SCHOOL,3,46,24,52.2,1,49,27,55.1,5,65,15,23.1
200200773,4191133,SINETHEMBA PUBLIC SCHOOL,3,,,0,,,,,0,36,8,22.2
200200789,4191058,SIYABABALWA SENIOR SECONDARY SCHOOL,3,27,10,37,1,27,17,63,6,22,11,50
200200791,4191059,SIYAKHULA PUBLIC SCHOOL,3,55,25,45.5,0,53,20,37.7,1,47,8,17
200200797,4191060,SIYAZAMA SENIOR SECONDARY SCHOOL,3,19,15,78.9,0,34,20,58.8,0,28,17,60.7
200200970,4191101,SIZINGISILE SENIOR SECONDARY SCHOOL,2,30,13,43.3,2,53,27,50.9,0,33,25,75.8
200200800,4191102,SOBANTU SENIOR SECONDARY SCHOOL,2,39,29,74.4,1,47,30,63.8,9,41,22,53.7
200200810,4191061,SOTININI SENIOR SECONDARY SCHOOL,2,19,12,63.2,0,13,3,23.1,0,14,6,42.9
200200977,4191062,ST CHARLES SOJOLA HIGH SCHOOL,3,20,15,75,0,44,28,63.6,9,46,23,50
200201045,4192063,ST CHRISTOPHERS PRIVATE SCHOOL,99,49,42,85.7,1,76,70,92.1,0,74,65,87.8
200200816,4191064,ST MATTHEWS HIGH SCHOOL,2,97,64,66,10,84,65,77.4,0,96,88,91.7
200601179,4192113,ST. THOMAS PRIVATE SCHOOL,99,35,33,94.3,0,41,35,85.4,0,38,37,97.4
200200824,4191065,STUTTEREIM HIGH SCHOOL,4,47,45,95.7,0,53,53,100,0,51,50,98
200200837,4191066,THEMBALABANTU HIGH SCHOOL,3,119,75,63,0,170,79,46.5,8,133,63,47.4
200200838,4191103,THEMBALESIZWE SEN SEC SCHOOL,3,26,14,53.8,0,30,7,23.3,2,22,5,22.7
200200831,4191111,THEMBELANI HIGH SCHOOL,3,17,4,23.5,0,17,6,35.3,0,19,9,47.4
200200848,4191067,TOISE SENIOR SECONDARY SCHOOL,3,73,52,71.2,0,112,91,81.3,40,123,93,75.6
200200871,4191106,ULANA SENIOR SECONDARY SCHOOL,3,16,4,25,2,18,9,50,5,27,7,25.9
200200596,4191105,VICTORIA MXENGE HIGH SCHOOL,3,31,19,61.3,0,25,14,56,0,11,3,27.3
200200885,4191068,VUKILE TSHWETE SENIOR SECONDARY SCHOOL,2,35,17,48.6,0,50,18,36,0,69,33,47.8
200201051,4191131,WEST BANK SEN SEC SCHOOL,4,34,23,67.6,3,35,29,82.9,0,47,40,85.1
200900211,4191069,XOLANI SENIOR SECONDARY SCHOOL,3,82,79,96.3,0,101,73,72.3,8,97,58,59.8
200200913,4191070,Z K MATTHEWS SENIOR SECONDARY SCHOOL,3,88,20,22.7,19,115,35,30.4,27,83,11,13.3
200200924,4191071,ZANEMFUNDO SENIOR SENIOR SCHOOL,2,44,4,9.1,0,46,11,23.9,0,37,14,37.8
200200925,4191072,ZANEMPUCUKO SENIOR SECONDARY SCHOOL,3,127,84,66.1,0,119,59,49.6,13,117,88,75.2
200200932,4191073,ZANOVUYO SENIOR SECONDARY SCHOOL,2,48,21,43.8,0,45,16,35.6,4,43,19,44.2
200200951,4191075,ZUKHANYE SENIOR SECONDARY SCHOOL,3,45,36,80,10,52,33,63.5,15,55,35,63.6
200200956,4191076,ZWELAMANDLOVU SENIOR SECONDARY SCHOOL,3,20,2,10,0,26,1,3.8,0,11,4,36.4
200300708,4191077,ZWELIVUMILE SENIOR SECONDARY SCHOOL,2,85,65,76.5,43,156,106,67.9,21,123,89,72.4
200600677,4081024,BENGU AGRICULTURAL HIGH SCHOOL,,,,0,2,36,11,30.6,16,38,10,26.3
200600082,4081001,CACADU SENIOR SECONDARY SCHOOL,2,44,20,45.5,8,45,18,40,39,50,10,20
200600139,4081002,DORDRECHT HIGH SCHOOL,4,30,30,100,0,34,33,97.1,0,41,39,95.1
200600155,4081003,ECHIBINI SENIOR SECONDARY SCHOOL,3,56,15,26.8,1,90,7,7.8,4,58,15,25.9
200600204,4081004,FREEMANTLE SENIOR SECONDARY SCHOOL,2,99,76,76.8,38,117,69,59,17,67,56,83.6
200600211,4081005,GCINUBUZWE SENIOR SECONDARY SCHOOL,1,67,40,59.7,3,58,24,41.4,28,67,27,40.3
200600282,4081006,IDA HIGH SCHOOL,2,28,24,85.7,1,28,15,53.6,0,30,7,23.3
200600286,4081007,IKHWEZI LOKUSA SENIOR SECONDARY SCHOOL,1,19,11,57.9,6,16,1,6.3,21,21,4,19
200600296,4081008,INDWE HIGH SCHOOL,4,40,34,85,1,40,38,95,2,39,28,71.8
200600301,4081025,ISIVIVANE SENIOR SECONDARY,1,,,0,0,17,9,52.9,4,12,3,25
200600353,4081009,KWA-MHLONTLO SENIOR SECONDARY SCHOOL,1,53,16,30.2,37,99,27,27.3,14,69,19,27.5
200600394,4081010,LUKHANYO HIGH SCHOOL,2,36,24,66.7,18,101,22,21.8,18,57,22,38.6
200600447,4081011,MASIKHANYISE HIGH SCHOOL,3,102,81,79.4,29,135,86,63.7,30,125,69,55.2
200600470,4081012,MCEULA SENIOR SECONDARY SCHOOL,3,78,25,32.1,5,60,37,61.7,11,65,21,32.3
600977,4081029,MKAPUSI SENIOR SECONDARY SCHOOL,,,,0,,,,,0,22,1,4.5
200601142,4081013,MOUNT ARTHUR SENIOR SECONDARY SCHOOL,2,74,51,68.9,5,75,52,69.3,2,123,76,61.8
200600528,4081014,MTIRARA SENIOR SECONDARY SCHOOL,1,84,42,50,25,102,40,39.2,0,105,63,60
200601146,4081015,MZAMO SENOR SECONDARY SCHOOL,1,30,25,83.3,20,59,19,32.2,14,24,19,79.2
200600614,4081016,NONKQUBELA SENIOR SECONDARY SCHOOL,2,44,8,18.2,4,54,8,14.8,9,37,5,13.5
200600615,4081026,NONKULULEKO SENIOR SECONDARY,1,,,0,0,23,10,43.5,9,19,1,5.3
200600642,4081017,NTSOKOTHA SENIOR SECONDARY SCHOOL,2,164,136,82.9,17,253,153,60.5,22,181,103,56.9
200600651,4081018,NZIMANKULU SENIOR SECONDARY SCHOOL,1,91,57,62.6,23,147,73,49.7,79,143,75,52.4
200601029,4081019,PAKAMANI SENIOR SECONDARY SCHOOL,3,26,23,88.5,6,23,13,56.5,7,19,12,63.2
200600673,4081020,PUMLANI SENIOR SECONDARY SCHOOL,1,77,58,75.3,43,104,60,57.7,43,97,57,58.8
200600777,4081021,SOSEBENZA SENIOR SECONDARY SCHOOL,2,32,18,56.3,0,48,7,14.6,0,23,12,52.2
200600816,4081022,TAMBEKILE SENIOR SECONDARY SCHOOL,2,51,37,72.5,24,87,28,32.2,85,62,37,59.7
200600840,4081023,THOZAMISA SENIOR SECONDARY SCHOOL,2,28,13,46.4,3,56,22,39.3,5,39,18,46.2
200501424,4121028,BEN MALI SENIOR SECONDARY SCHOOL,1,55,41,74.5,134,231,118,51.1,139,181,51,28.2
200400032,4121001,BHEKIZULU SENIOR SECONDARY SCHOOL,3,83,51,61.4,43,179,61,34.1,33,86,48,55.8
200401325,4121002,CHIEF HENRY BOKLENI SENIOR SECONDRY,2,130,78,60,0,225,79,35.1,6,230,56,24.3
200400079,4121003,CIBENI SENIOR SECONDARY SCHOOL,1,183,167,91.3,0,186,140,75.3,14,271,204,75.3
200400096,4121004,D.Z DUMEZWENI SENIOR SECONDARY SCHOOL,1,113,57,50.4,70,202,92,45.5,67,111,76,68.5
200401247,4121005,DALIBUNGA COMPREHENSIVE HIGH SCHOOL,1,51,13,25.5,0,40,19,47.5,32,103,36,35
200401249,4121006,DIMANDA SENIOR SECONDARY SCHOOL,2,137,70,51.1,14,138,86,62.3,21,166,93,56
200400199,4121007,GCINUMTHETHO SENIOR SECONDARY SCHOOL,1,179,48,26.8,10,97,58,59.8,39,220,39,17.7
200400211,4121008,GOBINAMBA TECH COMM.SENIOR SECONDARY,2,156,106,67.9,5,173,35,20.2,47,157,27,17.2
200400253,4121009,GXABA SENIOR SECONDARY SCHOOL,1,88,76,86.4,3,105,68,64.8,29,250,109,43.6
200500481,4121029,LUTSHAYA SENIOR SECONDARY SCHOOL,1,152,98,64.5,101,188,76,40.4,62,161,93,57.8
200401259,4121010,MABALENGWE SENIOR SECONDARY SCHOOL,1,62,16,25.8,9,140,50,35.7,29,368,125,34
200401183,4121043,MABHULANA NDAMASE HIGH SCHOOL,1,61,2,3.3,15,105,16,15.2,10,129,40,31
200400457,4121011,MAJALI TECHNICAL HIGH SCHOOL,1,58,40,69,27,74,21,28.4,19,82,36,43.9
200500542,4121030,MAKUKHANYE SENIOR SECONDARY SCHOOL,1,68,63,92.6,21,177,115,65,69,142,99,69.7
200400479,4121038,MANGALA SENIOR SECONDARY SCHOOL,3,59,31,52.5,0,100,35,35,0,61,34,55.7
200400596,4121012,MHLANGANISWENI COMM&TECH SNR SECONDARY,1,77,35,45.5,0,78,20,25.6,7,97,9,9.3
200400676,4121039,MTWENI SENIOR SECONDARY SCHOOL,2,115,87,75.7,4,97,56,57.7,22,143,64,44.8
200400716,4121040,NDAMASE SENIOR SECONDARY SCHOOL,2,223,120,53.8,0,222,177,79.7,72,391,298,76.2
200400756,4121041,NGQELENI SENIOR SECONDARY SCHOOL,2,72,10,13.9,3,138,16,11.6,64,130,31,23.8
200400775,4121013,NGUBEZULU SENIOR SECONDARY SCHOOL,2,139,120,86.3,3,128,62,48.4,27,184,86,46.7
200401238,4121014,NOGEMANE SENIOR SECONDARY SCHOOL,1,167,22,13.2,43,228,39,17.1,37,208,24,11.5
200500957,4121015,NTAFUFU SENIOR SECONDARY SCHOOL,1,102,96,94.1,76,218,155,71.1,69,161,121,75.2
200401329,4121042,NTSHILINI SENIOR SECONDARY SCHOOL,1,103,41,39.8,7,109,68,62.4,21,123,74,60.2
200400895,4121016,NYANGILIZWE SENIOR SECONDARY SCHOOL,3,154,93,60.4,60,224,89,39.7,33,160,77,48.1
200400908,4121017,PANGELELE SENIOR SECONDARY SCHOOL,1,173,148,85.5,0,225,80,35.6,14,216,79,36.6
200400918,4121018,PONDOLWENDLOVU SENIOR SECONDARY SCHOOL,1,57,30,52.6,1,109,38,34.9,29,107,55,51.4
200400926,4121019,PORT ST JOHNS SENIOR SECONDARY SCHOOL,3,127,116,91.3,17,234,137,58.5,37,172,124,72.1
200400977,4121020,SANDI SENIOR SECONDARY SCHOOL,1,95,95,100,66,256,101,39.5,18,177,50,28.2
200400989,4121021,SEHUSHE COMM SCHOOL,2,67,51,76.1,0,114,87,76.3,13,176,103,58.5
200401017,4121022,SMUTS NDAMASE SENIOR SECONDARY SCHOOL,1,9,9,100,0,175,22,12.6,71,234,25,10.7
200501135,4121031,SOBABA HIGH SCHOOL,1,44,6,13.6,0,63,17,27,47,75,25,33.3
200401032,4121023,ST PATRICKS SENIOR SECONDARY SCHOOL,3,149,149,100,1,259,190,73.4,19,383,222,58
200501217,4121032,TOLI SENIOR SECONDARY SCHOOL,1,294,286,97.3,34,425,391,92,0,338,316,93.5
200401076,4121024,TUTOR NDAMASE SENIOR SECONDARY SCHOOL,2,201,147,73.1,0,284,162,57,53,341,178,52.2
200401092,4121025,UPPER CORANA SENIOR SECONDARY SCHOOL,3,165,40,24.2,0,213,59,27.7,43,176,57,32.4
200401113,4121033,VAKELE TECHNICAL SENIOR SECONDARY SCHOOL,1,79,49,62,21,110,15,13.6,17,67,23,34.3
200401115,4121026,VICTOR POTO SENIOR SECONDARY SCHOOL,1,89,42,47.2,35,165,56,33.9,6,127,64,50.4
200401130,4121034,VULINDLELA SENIOR SECONDARY SCHOOL,1,142,78,54.9,0,251,111,44.2,26,111,60,54.1
200401139,4121035,WABAN SENIOR SECONDARY SCHOOL,1,39,29,74.4,9,69,48,69.6,31,65,41,63.1
200401148,4121036,XHENTSE SENIOR SECONDARY SCHOOL,1,43,36,83.7,6,66,38,57.6,16,32,24,75
200401302,4121037,ZANOKHANYO SENIOR SECONDARY SCHOOL,2,71,12,16.9,1,31,11,35.5,14,31,15,48.4
200500046,4041001,BODWENI SENIOR SECONDARY SCHOOL,1,46,24,52.2,39,156,40,25.6,61,168,46,27.4
200500057,4041002,BOTHA SGCAU SENIOR SECONDARY SCHOOL,1,133,47,35.3,0,70,15,21.4,28,127,20,15.7
200500233,4041028,FLAGSTAFF COMPEHENSIVE SCHOOL,3,64,50,78.1,0,132,82,62.1,121,258,42,16.3
200501373,4041003,GWEBINDLALA SENIOR SECONDARY SCHOOL,1,24,7,29.2,3,34,12,35.3,5,41,10,24.4
200500293,4041004,HILLBROW SENIOR SECONDARY SCHOOL,3,215,94,43.7,30,225,89,39.6,23,212,116,54.7
200500333,4041005,JIBA SENIOR SECONDARY SCHOOL,1,10,3,30,4,24,12,50,0,49,15,30.6
200500334,4041030,Jikindaba Senior Secondary School,1,126,74,58.7,0,147,90,61.2,121,226,115,50.9
200500395,4041031,LANGA SENIOR SECONDARY SCHOOL,3,110,96,87.3,61,203,168,82.8,56,144,123,85.4
200500605,4041006,MAYIBENYE SENIOR SECONDARY SCHOOL,1,156,108,69.2,5,188,104,55.3,64,265,124,46.8
200500646,4041007,MDUTSHANE SENIOR SECONDARY SCHOOL,1,64,27,42.2,3,76,45,59.2,62,97,18,18.6
200500653,4041032,Meyisi Senior Secondary School,1,128,50,39.1,54,171,66,38.6,10,191,89,46.6
200500659,4041008,MFUNDISWENI SENIOR SECONDARY SCHOOL,1,103,81,78.6,30,112,77,68.8,54,187,90,48.1
200500664,4041009,MGEZWA SENIOR SECONDARY SCHOOL,2,212,142,67,4,242,135,55.8,3,270,187,69.3
200501427,4041033,Mpingana Senior Secondary School,1,33,15,45.5,1,31,22,71,25,51,24,47.1
200500776,4041011,MQIKELA SENIOR SENIOR SECONDARY SCHOOL,2,103,83,80.6,22,300,175,58.3,41,402,119,29.6
200500854,4041034,Ndaliso Senior Secondary School,1,241,171,71,5,340,117,34.4,33,232,128,55.2
200501006,4041014,PALMERTON HIGH SCHOOL,2,103,70,68,51,278,140,50.4,65,191,150,78.5
200501017,4041015,PHAMBILI SENIOR SECONDARY SCHOOL,1,98,62,63.3,16,147,52,35.4,44,225,48,21.3
200500758,4031016,MPHATLALATSANE SENIOR SECONDARY SCHOOL,2,48,14,29.2,15,55,16,29.1,13,35,15,42.9
200500810,4031017,MVENYANE SENIOR SECONDARY SCHOOL,2,133,99,74.4,20,235,133,56.6,66,122,108,88.5
200500990,4031018,NYANISO SENIOR SECONDARY SCHOOL,1,43,37,86,0,29,26,89.7,26,49,44,89.8
200501431,4031019,PHUMELELE COMMERCIAL & TECHNICAL SCHOOL,2,33,13,39.4,3,47,10,21.3,11,51,12,23.5
200501057,4031020,RALEBITSO SENIOR SECONDARY SCHOOL,1,28,14,50,7,43,3,7,7,31,15,48.4
200501091,4031021,SIBI SENIOR SECONDARY SCHOOL,2,66,43,65.2,46,123,71,57.7,13,76,52,68.4
200501159,4031022,ST MARGARET SENIOR SECONDARY SCHOOL,2,46,27,58.7,92,187,70,37.4,42,96,55,57.3
200501569,4032002,ST MONICAâS DIOCESAN SCHOOL,,35,33,94.3,0,46,40,87,0,36,36,100
200501203,4031023,THOLANG SENIOR SECONDARY SCHOOL,3,208,139,66.8,0,184,146,79.3,64,185,144,77.8
200501321,4031024,ZIBI MEYER SENIOR SECONDARY SCHOOL,2,35,25,71.4,29,60,28,46.7,4,24,16,66.7
200500039,4051033,A D TSHAYINGCA SECONDARY SCHOOL,3,,,0,,,,,0,209,126,60.3
200500013,4051001,BALENI SENIOR SECONDARY SCHOOL,1,121,87,71.9,16,133,75,56.4,38,120,51,42.5
200500041,4051002,BIZANA SENIOR SECONDARY SCHOOL,3,416,260,62.5,0,448,279,62.3,27,420,279,66.4
200501456,4051003,CANGCI COMPREHENSIVE TECHNICAL HIGH,1,111,46,41.4,14,146,68,46.6,181,191,82,42.9
200501404,4051004,CHIEF DUMILE SENIOR SECONDARY SCHOOL,1,87,84,96.6,41,143,118,82.5,37,207,180,87
200500138,4051026,DUDUMENI HIGH SCHOOL,1,37,34,91.9,10,66,52,78.8,2,45,39,86.7
200500150,4051030,DUMSI COMPREHENSIVE HIGH SCHOOL,1,47,29,61.7,3,106,63,59.4,27,135,90,66.7
200500205,4051031,ENQABENI SENIOR SECONDARY SCHOOL,1,,,0,0,47,31,66,30,103,47,45.6
200500270,4051006,GREENVILLE SENIOR SECONDARY SCHOOL,1,95,46,48.4,0,184,62,33.7,61,128,52,40.6
200500278,4051034,GUMZANA SENIOR SECONDARY SCHOOL,3,,,0,,,,,9,72,15,20.8
200500300,4051007,HLAMANDANA SENIOR SECONDARY SCHOOL,2,114,82,71.9,11,128,58,45.3,14,140,58,41.4
200501593,4041055,LUSIKISIKI CHRISTIAN SCHOOL,,8,2,25,0,17,4,23.5,0,20,11,55
200501410,4051008,MADIKIZELA SENIOR SECONDARY SCHOOL,1,58,27,46.6,31,86,32,37.2,12,90,30,33.3
200500529,4051035,MAJAVU SECONDARY SCHOOL,3,,,0,,,,,0,56,51,91.1
200500580,4051009,MARELANE SENIOR SECONDARY SCHOOL,1,160,131,81.9,22,190,173,91.1,42,256,214,83.6
200500583,4051027,MARINA COMPREHENSIIVE HIGH SCHOOL,1,103,69,67,16,121,77,63.6,102,365,173,47.4
200500639,4051010,MDATYA SENIOR SECONDARY SCHOOL,1,58,35,60.3,7,167,75,44.9,4,198,99,50
200500672,4051029,MHLABI C.H. SCHOOL,1,36,27,75,5,31,23,74.2,0,54,39,72.2
200500754,4051032,MPENI SENIOR SECONDARY SCHOOL,3,,,0,,,,,0,62,17,27.4
200500764,4051011,MPONDOMBINI SENIOR SECONDARY SCHOOL,2,82,79,96.3,0,126,119,94.4,55,166,141,84.9
200500824,4051028,MZAMBA COMPREHENSIVE HIGH SCHOOL,2,101,70,69.3,4,95,71,74.7,35,189,131,69.3
200500871,4051012,NGALONKULU SENIOR SECONDARY SCHOOL,1,76,31,40.8,34,123,35,28.5,0,116,28,24.1
200501457,4051013,NOMAGQWATHEKANA COMP.TECH HIGH SCHOOL,1,98,56,57.1,2,125,68,54.4,59,175,73,41.7
200500935,4051014,NONGEKE SENIOR SECONDARY SCHOOL,1,194,142,73.2,15,299,152,50.8,129,256,123,48
200500954,4051015,NTABEZULU SENIOR SECONDARY SCHOOL,1,228,113,49.6,6,236,123,52.1,67,203,116,57.1
200500985,4051016,NTUKAYI SENIOR SECONDARY SCHOOL,1,137,38,27.7,46,245,76,31,0,100,63,63
200500998,4051017,OLIVER TAMBO TECH SCHOOL,1,102,57,55.9,0,104,41,39.4,74,104,52,50
200501090,4051018,SHUKUMA SENIOR SECONDARY SCHOOL,1,179,75,41.9,6,205,79,38.5,21,167,94,56.3
200501123,4051019,SITHUKUTHEZI SENIOR SECONDARY SCHOOL,1,85,53,62.4,8,79,43,54.4,0,92,37,40.2
200501195,4051020,THEMBALESIZWE COM. TECH,1,49,37,75.5,0,69,33,47.8,14,46,22,47.8
200501278,4051021,VUKAYIBAMBE SENIOR SECONDARY SCHOOL,1,79,31,39.2,7,100,42,42,52,100,47,47
200501282,4051022,VULINDLELA COMP.TECH,3,131,66,50.4,0,137,57,41.6,3,116,41,35.3
200501293,4051023,WINNIE MANDELA COMPTECH SENIOR SECONDARY,1,75,31,41.3,31,119,35,29.4,60,120,37,30.8
200501311,4053024,ZAMOKUHLE SPECIAL SCHOOL,99,6,6,100,0,7,7,100,5,6,3,50
200500027,4011001,BETHANIA SENIOR SECONDARY SCHOOL,1,20,7,35,49,61,5,8.2,0,70,14,20
200401280,4011002,DINIZULU SENIOR SECONDARY SCHOOL,2,43,22,51.2,57,58,19,32.8,0,50,12,24
200501208,4011003,EDWARD ZIBI SENIOR SECONDARY SCHOOL,1,55,8,14.5,54,55,33,60,24,36,18,50
200400167,4131029,ENGCOBO VILLAGE SENIOR SECONDARY,1,,,0,,,,,0,86,32,37.2
200400282,4011004,JAMANGILE SENIOR SECONDARY SCHOOL,2,57,43,75.4,60,71,45,63.4,19,49,27,55.1
200501361,4011005,KHANYA SENIOR SECONDARY SCHOOL,1,46,40,87,149,152,85,55.9,6,145,88,60.7
200500359,4011006,KHORONG SENIOR SECONDARY SCHOOL,1,73,34,46.6,101,128,49,38.3,13,99,45,45.5
200400338,4011007,KUYASA SENIOR SECONDARY SCHOOL,1,18,11,61.1,29,46,18,39.1,8,29,21,72.4
200501358,4011008,LEHANA SENIOR SECONDARY SCHOOL,1,314,217,69.1,264,335,228,68.1,8,418,282,67.5
200500487,4011009,LUZIE DRIFT SENIOR SECONDARY SCHOOL,1,144,91,63.2,124,136,97,71.3,74,93,70,75.3
200400434,4011010,MACLEAR HIGH SCHOOL,4,21,21,100,0,27,27,100,0,18,18,100
200501371,4011011,MHLONTLO SENIOR SECONDARY SCHOOL,1,60,44,73.3,54,64,25,39.1,22,71,25,35.2
200501058,4011012,RAMAFOLE SENIOR SECONDARY SCHOOL,2,119,85,71.4,101,238,108,45.4,5,126,97,77
200400976,4011013,SAMUEL NOMBEWU SENIOR SECONDARY SCHOOL,2,40,8,20,0,43,21,48.8,10,33,33,100
200400993,4011020,SIBABALE SENIOR SECONDARY SCHOOL,3,68,48,70.6,82,97,38,39.2,22,75,52,69.3
200501098,4011014,SIDINANE SENIOR SECONDARY SCHOOL,2,163,130,79.8,262,395,240,60.8,47,218,158,72.5
200501194,4011015,THAKABANNA SENIOR SECONDARY SCHOOL,1,82,39,47.6,0,87,50,57.5,6,116,37,31.9
200401052,4011016,THOMAS NTABA SENIOR SECONDARY SCHOOL,2,118,94,79.7,0,126,86,68.3,2,113,81,71.7
200501388,4011017,TSITSANA COMP. S.S.S,3,34,20,58.8,0,27,9,33.3,8,39,15,38.5
200401085,4011018,UGIE HIGH SCHOOL,4,69,66,95.7,44,46,45,97.8,0,28,28,100
200401361,4011019,UMTHAWELANGA SENIOR SECONDARY SCHOOL,3,77,30,39,48,72,31,43.1,10,119,69,58
200500005,4021001,ARTHUR NGUNGA SENIOR SECONDARY SCHOOL,2,95,58,61.1,0,97,74,76.3,68,163,78,47.9
200500056,4021030,BONXA HIGH SCHOOL,2,69,37,53.6,0,165,72,43.6,42,212,141,66.5
200500060,4021002,BROOKSNEK SENIOR SECONDARY SCHOOL,2,42,18,42.9,0,62,25,40.3,10,47,28,59.6
200500098,4021004,COLANA SENIOR SECONDARY SCHOOL,1,112,48,42.9,8,164,76,46.3,55,115,40,34.8
200500113,4021005,DALUHLANGA SENIOR SECONDARY SCHOOL,2,76,42,55.3,3,97,39,40.2,17,92,50,54.3
200500119,4021006,DANGWANA SENIOR SECONDARY SCHOOL,2,171,98,57.3,0,166,98,59,4,141,101,71.6
200500144,4021031,DUMEZWENI SENIOR SECONDARY SCHOOL,1,102,58,56.9,17,156,95,60.9,40,226,169,74.8
200500151,4021032,DUMSI SENIOR SECONDARY SCHOOL,1,140,36,25.7,16,202,73,36.1,26,49,33,67.3
200500313,4021007,HUKU SENIOR SECONDARY SCHOOL,1,112,63,56.3,0,102,67,65.7,39,107,76,71
200500058,4022020,IKHWEZI LOMSO EDUCARE CENTRE,99,,,0,,,,,0,9,5,55.6
200500338,4021008,JOJO SENIOR SECONDARY SCHOOL,2,83,56,67.5,0,76,55,72.4,1,92,77,83.7
200501458,4021009,LINDELANI SENIOR SECONDARY SCHOOL,3,93,82,88.2,4,112,74,66.1,26,86,67,77.9
200500438,4021010,LOYISO SINOR SECONDARY SCHOOL,1,48,30,62.5,4,59,33,55.9,0,83,56,67.5
200500479,4021024,LUTATENI SENIOR SECONDARY SCHOOL,1,21,14,66.7,0,55,43,78.2,0,71,38,53.5
200500534,4021012,MAKAULA SENIOR SECONDARY SCHOOL,2,214,132,61.7,4,213,174,81.7,0,294,234,79.6
200501408,4021013,MANZAMNYAMA SENIOR SECONDARY SCHOOL,1,42,33,78.6,0,52,38,73.1,8,70,50,71.4
200500383,4022019,MBODLENI SENIOR SECONDARY SCHOOL,2,,,0,0,52,20,38.5,28,89,44,49.4
0,4021043,MBUMBAZI SENIOR SECONDARY SCHOOL,1,,,0,,,,,0,38,11,28.9
200501377,4021033,MFAZWE COMPREHENSIVE TECH HIGH SCH,1,50,10,20,0,57,22,38.6,11,54,20,37
200500711,4021034,MNCEBA SENIOR SECONDARY SCHOOL,2,248,176,71,5,302,208,68.9,61,265,182,68.7
200500784,4021014,MOUNT AYLIFF SENIOR SECONDARY SCHOOL,1,145,51,35.2,0,210,71,33.8,57,175,118,67.4
200404016,4022017,MOUNT FRERE COMMUNITY SCHOOL,99,3,2,66.7,0,6,5,83.3,0,3,3,100
200500787,4021015,MOUNT FRERE SENIOR SECONDARY SCHOOL,3,162,92,56.8,1,241,164,68,10,210,156,74.3
0,4021042,MT HOREB SENIOR SECONDARY SCHOOL,1,,,0,,,,,14,45,4,8.9
200501419,4021025,MT WHITE SENIOR SECONDARY SCHOOL,1,56,26,46.4,0,83,24,28.9,8,75,15,20
200500897,4021017,NGWEKAZI SENIOR SECONDARY SCHOOL,2,85,42,49.4,1,97,44,45.4,13,42,26,61.9
200500951,4021035,NTABANKULU SENIOR SECONDARY SCHOOL,3,105,55,52.4,2,110,83,75.5,32,122,69,56.6
200500979,4021036,NTSIKAYEZWE HIGH SCHOOL,1,108,38,35.2,9,148,69,46.6,17,154,53,34.4
200500984,4021027,NTSIZWA SENIOR SECONDARY SCHOOL,1,69,10,14.5,1,91,2,2.2,3,48,7,14.6
200501459,4021018,NZULULWAZI SENIOR SECONDARY SCHOOL,2,84,39,46.4,0,71,69,97.2,0,117,74,63.2
200501001,4021019,OSBORN SENIOR SECONDARY SCHOOL,2,108,40,37,0,70,40,57.1,34,119,80,67.2
200501070,4021026,RODE SENIOR SECONDARY SCHOOL,2,59,47,79.7,2,109,37,33.9,9,82,52,63.4
200501082,4021020,SAPUKANDUKU SENIOR SECONDARY SCHOOL,2,74,25,33.8,0,78,32,41,11,88,42,47.7
200501087,4021021,SENYUKELE SENIOR SECONDARY SCHOOL,2,176,116,65.9,0,282,182,64.5,33,189,151,79.9
200501143,4021022,SONQISHE SENIOR SECONDARY SCHOOL,1,39,22,56.4,0,64,17,26.6,0,51,48,94.1
200401023,4011021,SOPHONIA SENIOR SECONDARY SCHOOL,1,17,5,29.4,15,18,11,61.1,6,16,8,50
200501157,4021029,ST GEORGES SENIOR SECONDARY SCHOOL,3,,,0,5,47,35,74.5,41,165,74,44.8
200501160,4021028,ST MARKS SENIOR SECONDARY SCHOOL,1,20,4,20,0,23,9,39.1,0,28,24,85.7
200501171,4021037,SUKUDE SENIOR SECONDARY SCHOOL,1,50,13,26,2,257,160,62.3,12,300,223,74.3
0,4021041,TOLENI SENIOR SECONDARY SCHOOL,3,,,0,,,,,0,111,44,39.6
200501464,4022018,ZANOKHANYO BAPTIST COMPREHENSIVE SCH,99,,,0,8,8,5,62.5,0,11,8,72.7
200501322,4021023,ZIBOKWANA SENIOR SECONDARY SCHOOL,2,207,136,65.7,4,207,101,48.8,13,150,87,58
200501331,4021038,ZINYOSINI SENIOR SECONDARY SCHOOL,1,81,43,53.1,0,181,48,26.5,56,118,74,62.7
200501338,4021039,ZWELAKHE SENIOR SECONDARY SCHOOL,2,132,121,91.7,0,151,132,87.4,102,304,258,84.9
200501381,4022040,ZWELITSHA SENIOR SECONDARY SCHOOL,1,71,44,62,0,114,51,44.7,44,210,40,19
200404017,4101001,A.V PLATJIE SENIOR SECONDARY SCHOOL,3,40,28,70,13,52,26,50,0,21,14,66.7
200401228,4101002,ATTWELL MADALA HIGH SCHOOL,4,117,85,72.6,4,164,109,66.5,0,252,155,61.5
200400015,4101003,BAMBILANGA SENIOR SECONDARY SCHOOL,1,31,30,96.8,19,44,28,63.6,0,48,25,52.1
200400024,4101004,BAZINDLOVU SENIOR SECONDARY SCHOOL,2,47,17,36.2,2,84,49,58.3,0,55,31,56.4
200400077,4101005,CHIEF N.Z MTIRARA SEN. SECONDARY SCHOOL,3,61,51,83.6,18,98,50,51,0,109,74,67.9
200404018,4102006,CHRIST THE KING INT SCHOOL,99,128,45,35.2,0,118,51,43.2,0,104,60,57.7
200400102,4101007,DALIBASO SENIOR SECONDARY SCHOOL,2,205,124,60.5,30,248,153,61.7,0,260,176,67.7
200400106,4101008,DALINDYEBO SENIOR SECONDARY SCHOOL,1,206,157,76.2,10,182,151,83,0,188,142,75.5
200400110,4101009,DALUKHANYO SENIOR SECONDARY SCHOOL,3,32,16,50,2,62,27,43.5,0,44,24,54.5
200400136,4101010,DUDUMAYO SENIOR SECONDARY SCHOOL,1,177,112,63.3,26,197,105,53.3,0,118,99,83.9
0,4101068,DUMRANA SENIOR SECONDARY SCHOOL,1,,,0,,,,,0,123,37,30.1
200400144,4101011,E.N SEKU SENIOR SECONDARY SCHOOL,1,44,27,61.4,3,48,29,60.4,0,56,12,21.4
200401369,4101012,EFATA SCHOOL FOR THE BLIND &DEAF,99,6,2,33.3,0,7,3,42.9,0,7,3,42.9
200401283,4101013,EXCELSIOR SENIOR SECONDARY SCHOOL,4,51,41,80.4,5,97,80,82.5,0,85,69,81.2
200400200,4101014,GENGQE SENIOR SECONDARY SCHOOL,2,22,1,4.5,0,22,10,45.5,0,39,9,23.1
200400805,4101071,GOBINAMBA SENIOR SECONDARY SCHOOL,2,,,0,0,27,12,44.4,0,52,25,48.1
200400581,4101067,GOBIZIZWE SENIOR SECONDARY SCHOOL,3,,,0,0,17,14,82.4,0,44,8,18.2
200400264,4101015,HLABATSHANE SENIOR SECONDARY SCHOOL,1,89,45,50.6,17,89,15,16.9,0,127,15,11.8
200401311,4101016,HOLOMISA SENIOR SECONDARY SCHOOL,3,67,54,80.6,8,80,66,82.5,0,51,45,88.2
200400272,4101017,HOLY CROSS SENIOR SECONDARY SCHOOL,3,192,176,91.7,7,166,155,93.4,0,190,169,88.9
200401415,4102018,HOLYCROSS EDUCATION CENTRE KIDDIE LAND,99,97,90,92.8,0,99,99,100,0,95,93,97.9
200401387,4101019,IKWEZI TECHNICAL SKILL CENTRE,4,78,61,78.2,5,107,62,57.9,0,103,60,58.3
200400286,4101066,JIXINI SENIOR SECONDARY SCHOOL,3,,,0,0,22,16,72.7,0,29,24,82.8
200400300,4101020,JONGINTABA SENIOR SECONDARY SCHOOL,1,41,28,68.3,0,54,43,79.6,0,67,45,67.2
200401333,4101021,JOYI SENIOR SECONDARY SCHOOL,2,85,46,54.1,25,104,40,38.5,0,55,36,65.5
200401269,4101022,JUMBA SENIOR SECONDARY SCHOOL,3,85,64,75.3,0,123,43,35,0,52,44,84.6
200401410,4102023,KHANYA PRIVATE SCHOOL,99,,,0,0,15,9,60,0,26,15,57.7
200401303,4102024,KHANYISA HIGH SCHOOL,1,287,272,94.8,0,305,278,91.1,0,317,275,86.8
200401390,4102025,KINGS COMMERCIAL COLLEGE,99,54,42,77.8,10,63,60,95.2,0,65,65,100
200400336,4101026,KULANATHI SENIOR SECONDARY SCHOOL,3,60,21,35,37,43,23,53.5,0,51,25,49
200401300,4101027,KWANOBUHLE SENIOR SECONDARY SCHOOL,1,61,22,36.1,13,54,31,57.4,0,45,34,75.6
200400357,4101028,LESLIE NKALA SENIOR SECONDARY SCHOOL,3,57,23,40.4,19,57,21,36.8,0,57,22,38.6
200400419,4101029,LUTUBENI SENIOR SECONDARY SCHOOL,1,109,72,66.1,15,118,72,61,0,130,73,56.2
200400285,4101073,MANDELA SCHOOL OF SCIENCE AND TECH,1,,,0,,,,,0,72,57,79.2
200404028,4101063,MANZOLWANDLE SANDILE SEN SEC SCH,3,43,17,39.5,4,66,36,54.5,0,67,33,49.3
200400518,4101070,MAXWELE SENIOR SECONDARY SCHOOL,3,,,0,0,17,5,29.4,0,19,3,15.8
200400569,4101030,MDITSHWA SENIOR SECONDARY SCHOOL,3,49,9,18.4,31,74,11,14.9,0,17,9,52.9
200400576,4101031,MENZIWA SENIOR SECONDARY SCHOOL,1,57,14,24.6,13,40,17,42.5,0,74,22,29.7
200400602,4101032,MILTON DALASILE SENIOR SECONDARY SCHOOL,1,72,14,19.4,6,96,40,41.7,0,51,19,37.3
200400603,4101033,MILTON MBEKELA SENIOR SECONDARY SCHOOL,2,134,92,68.7,14,223,147,65.9,0,193,121,62.7
200401401,4102034,MORNING STAR EDUCATION CENTRE,99,8,4,50,0,16,12,75,0,59,37,62.7
200400642,4101035,MPEKO SENIOR SECONDARY SCHOOL,3,54,41,75.9,10,115,79,68.7,0,137,55,40.1
200401306,4101036,MPINDWENI SENIOR SECONDARY SCHOOL,3,56,51,91.1,4,62,48,77.4,0,74,58,78.4
200401343,4101037,NGANGELIZWE SENIOR SECONDARY SCHOOL,3,87,46,52.9,0,60,43,71.7,0,103,91,88.3
200400772,4101064,NGUBESIZWE SENIOR SECONDARY SCHOOL,3,,,0,0,17,12,70.6,0,31,26,83.9
200401335,4101038,NGWAYIBANJWA SENIOR SECONDARY SCHOOL,3,166,91,54.8,33,141,95,67.4,0,130,93,71.5
200401294,4101039,NOZUKO SENIOR SECONDARY SCHOOL,1,95,84,88.4,79,213,123,57.7,0,137,110,80.3
200400495,4101059,QINGQOLO S.S.S.,1,19,8,42.1,0,17,7,41.2,0,14,5,35.7
200401252,4101040,QOKOLWENI SENIOR SECONDARY SCHOOL,3,84,65,77.4,33,146,90,61.6,0,103,75,72.8
200400985,4101042,SEA VIEW SECONDARY SCHOOL,1,44,15,34.1,8,53,6,11.3,0,66,14,21.2
200400005,4101062,SINOLWAZI SEN SEC SCHOOL,3,74,34,45.9,0,88,24,27.3,0,88,40,45.5
200401288,4101043,ST JOHNS COLLEGE,4,367,343,93.5,0,462,428,92.6,0,394,378,95.9
200404020,4102044,ST JUDE PRIVATE SCHOOL,99,51,29,56.9,1,44,30,68.2,0,40,27,67.5
200404015,4102045,ST MARTINS SCHOOL,99,13,9,69.2,0,68,27,39.7,0,60,32,53.3
200401409,4102046,STRATEGIC HIGH SCHOOL,99,41,33,80.5,0,66,47,71.2,0,54,26,48.1
200400086,4101065,TYELINZIMA HIGH SCHOOL,1,,,0,18,96,15,15.6,0,71,23,32.4
200401089,4101049,UMTATA HIGH SCHOOL,4,87,84,96.6,2,104,91,87.5,0,94,90,95.7
200404014,4101050,UMTATA INTERNATIONAL SCHOOL,4,79,71,89.9,1,105,94,89.5,0,81,73,90.1
200401340,4101051,UMTATA TECHNICAL COLLEGE,3,108,79,73.1,3,213,122,57.3,0,150,70,46.7
200401104,4101057,UPPER MPAKO SENIOR SECONDARY SCHOOL,1,126,31,24.6,82,148,45,30.4,0,108,70,64.8
200400313,4101072,WILO COMPREHENSIVE SENIOR SEC SCHOOL,3,,,0,0,23,5,21.7,0,21,6,28.6
200401150,4101052,XOLILIZWE SANGONI SENIOR SECONDARY,3,79,23,29.1,5,63,33,52.4,0,38,19,50
200401166,4101053,ZAMAKULUNGISA SENIOR SECONDARY SCHOOL,3,317,220,69.4,59,271,169,62.4,0,221,182,82.4
0,4101069,ZANGQELE SENIOR SECONDARY SCHOOL,1,,,0,,,,,0,54,14,25.9
200401191,4101058,ZIMELE HIGH SCHOOL,3,164,140,85.4,12,228,171,75,0,255,171,67.1
200401304,4101054,ZINGISA COMPREHENSIVE SCHOOL,5,167,155,92.8,0,232,200,86.2,0,196,184,93.9
200401210,4101055,ZWELIBANGILE SENIOR SECONDARY SCHOOL,3,121,58,47.9,15,119,64,53.8,0,99,31,31.3
200401225,4101056,ZWELODUMO SENIOR SECONDARY SCHOOL,3,112,58,51.8,58,165,56,33.9,0,76,47,61.8
200600452,4131001,BATANDWA NDONDO SENIOR SECONDARY SCHOOL,3,75,49,65.3,58,137,46,33.6,24,92,46,50
200600088,4131002,CALA SENIOR SECONDARY SCHOOL,3,65,59,90.8,63,175,87,49.7,14,172,68,39.5
200400084,4131003,CLARKEBURY SENIOR SECONDARY SCHOOL,1,179,82,45.8,6,241,109,45.2,7,257,180,70
200400094,4131027,CWECWENI SENIOR SECONDARY SCHOOL,1,83,39,47,4,94,59,62.8,10,126,67,53.2
200600123,4131020,D.M. SKOSANA SENIOR SECONDARY SCHOOL,2,59,37,62.7,26,77,32,41.6,19,69,31,44.9
200400134,4131004,DOLOPHINI SENIOR SECONDARY SCHOOL,1,65,37,56.9,8,71,26,36.6,4,69,22,31.9
200401338,4131005,ELLIOT HIGH SCHOOL,4,33,27,81.8,0,28,24,85.7,0,35,25,71.4
200400159,4131006,EMIZAMOYETHU SENIOR SECONDARY SCHOOL,1,32,21,65.6,3,58,21,36.2,3,45,27,60
200400248,4131007,GWARUBANA SENIOR SECONDARY SCHOOL,1,78,33,42.3,23,111,21,18.9,31,117,31,26.5
200400324,4131025,KHANYOLWETHU SENIOR SECONDARY SCHOOL,1,18,8,44.4,10,25,6,24,4,25,5,20
200600359,4131009,L.JENTILE SENIOR SECONDARY SCHOOL,2,30,15,50,8,60,13,21.7,9,37,20,54.1
200400487,4131010,MANZANA SENIOR SECONDARY SCHOOL,2,54,39,72.2,55,166,45,27.1,49,174,70,40.2
200400504,4131011,MASIKHUTHALE PUBLIC SECONDARY SCHOOL,3,51,31,60.8,44,100,39,39,59,130,35,26.9
200400940,4131024,MASILINGANE SENIOR SECONDARY SCHOOL,1,47,29,61.7,14,51,27,52.9,30,48,21,43.8
200400552,4131012,MCOBOLOLO SENIOR SECONDARY SCHOOL,1,50,33,66,5,57,44,77.2,35,55,47,85.5
200400584,4131013,MGUDLWA SENIOR SECONDARY SCHOOL,1,90,78,86.7,39,106,33,31.1,47,67,18,26.9
200400693,4131014,MZIKAYISE DALASILE SECONDARY SCHOOL,2,99,67,67.7,5,103,57,55.3,39,131,55,42
400773,4131026,NGUBESIZWE SENIOR SECONDARY SCHOOL,,,,0,0,28,18,64.3,15,68,34,50
200401313,4131015,NOSIMO TECHNICAL HIGH SCHOOL,1,29,4,13.8,3,35,15,42.9,9,45,14,31.1
200400893,4131016,NYANGA SENIOR SECONDARY SCHOOL,3,211,165,78.2,17,231,178,77.1,44,186,146,78.5
200400905,4131021,PAKAMANI SENIOR SECONDARY SCHOOL,1,190,158,83.2,93,289,200,69.2,55,250,182,72.8
200501465,4122043,RIVERSIDE SENIOR SECONDARY SCHOOL,99,86,40,46.5,0,74,49,66.2,0,79,45,57
200600743,4131022,SIFONONDILE SENIOR SECONDARY SCHOOL,2,24,15,62.5,4,16,13,81.3,1,16,11,68.8
0,4131028,SITOZA SENIOR SECONDARY SCHOOL,1,,,0,,,,,3,102,30,29.4
200401199,4131017,ZULULIYAZONGOMA SENIOR SECONDARY,1,112,104,92.9,54,215,86,40,141,260,64,24.6
200401213,4131018,ZWELIHLE SENIOR SECONDARY SCHOOL,1,67,29,43.3,7,69,28,40.6,0,59,17,28.8
200401223,4131019,ZWELIVUMILE SENIOR SECONDARY SCHOOL,1,68,33,48.5,13,91,39,42.9,63,116,40,34.5
200100019,4222001,ALAZHAR PRIMARY INSTITUTE,,11,11,100,0,15,14,93.3,0,14,14,100
200100021,4221002,ALEXANDER ROAD HIGH SCHOOL,5,205,203,99,1,231,229,99.1,0,197,195,99
200100037,4221003,ARCADIA SENIOR SECONDARY SCHOOL,3,96,77,80.2,50,130,85,65.4,63,135,51,37.8
200100957,4221004,BERTRAM SECONDARY SCHOOL,3,95,64,67.4,41,190,131,68.9,85,165,86,52.1
200100064,4221005,BETHELSDORP COMPREHENSIVE SCHOOL,3,144,112,77.8,20,128,98,76.6,14,141,106,75.2
200100079,4221006,BOOYSEN PARK SECONDARY SCHOOL,3,74,59,79.7,30,150,91,60.7,79,128,50,39.1
200100977,4222081,BRYLIN HIGH SCHOOL,99,39,36,92.3,3,27,22,81.5,2,28,25,89.3
200100104,4223007,CAPE RECIFE HIGH SCHOOL,99,28,21,75,1,33,24,72.7,0,25,24,96
200100111,4221008,CHAPMAN HIGH SCHOOL,4,106,102,96.2,39,165,135,81.8,39,119,103,86.6
200100114,4221009,CHATTY SENIOR SECONDARY SCHOOL,3,90,50,55.6,103,154,40,26,77,109,44,40.4
200100118,4221010,CHUBEKILE SENIOR SECONDARY SCHOOL,3,71,37,52.1,27,88,37,42,29,133,18,13.5
200100119,4221011,CINGANI HIGH SCHOOL,3,76,48,63.2,19,104,39,37.5,12,110,47,42.7
200100131,4221012,COLLEGIATE GIRLS HIGH SCHOOL,5,139,138,99.3,0,138,138,100,0,122,122,100
200100137,4221013,COSELELANI SENIOR SECONDARY SCHOOL,3,21,17,81,12,50,24,48,8,30,7,23.3
200100139,4221014,COWAN HIGH SCHOOL,3,136,101,74.3,40,177,124,70.1,17,176,101,57.4
200100151,4221015,DAVID LIVINGSTONE SENIOR SECONDARY,3,81,49,60.5,44,113,55,48.7,35,103,44,42.7
200100177,4221017,DOUGLAS MBOPA SENIOR SECONDARY SCHOOL,3,207,133,64.3,32,195,121,62.1,52,226,126,55.8
200100186,4221018,E Z KABANE HIGH SCHOOL,3,36,25,69.4,8,48,24,50,6,55,32,58.2
200100190,4222019,ED-U-COLLEGE HIGH SCHOOL,99,41,29,70.7,0,38,15,39.5,0,41,23,56.1
200101021,4223060,ELSEN ACADEMY,5,,,0,4,4,4,100,0,5,5,100
200100954,4221021,ETHEMBENI ENRICHMENT CENTRE,3,71,70,98.6,0,68,68,100,0,70,70,100
200100244,4221022,GELVANDALE HIGH SCHOOL,4,161,117,72.7,33,163,85,52.1,57,184,95,51.6
200100277,4221024,GREY BOYS SCHOOL,5,160,160,100,0,186,186,100,0,150,149,99.3
200100308,4221025,HILLSIDE SECODARY SCHOOL,3,56,44,78.6,35,121,77,63.6,30,85,64,75.3
200100033,4221026,HOeRSKOOL ANDREW RABIE,3,84,71,84.5,2,85,73,85.9,5,53,46,86.8
200100313,4221027,HOeRSKOOL CILLIE SCHOOL,3,128,124,96.9,18,150,144,96,3,136,133,97.8
200100165,4221028,HOeRSKOOL D.F MALHERBE,5,94,93,98.9,2,100,100,100,0,98,96,98
200100230,4221029,HOeRSKOOL FRAMESBY,5,190,189,99.5,3,224,221,98.7,0,188,187,99.5
200100607,4221030,HOeRSKOOL OTTO DU PLESSIS,5,154,137,89,3,126,113,89.7,7,141,123,87.2
200100384,4221038,IKHWEZI LOMSO COMPREHENSIVE SCHOOL,3,157,114,72.6,51,193,144,74.6,75,218,154,70.6
200100989,4222032,INSIGHT LEARNING CENTRE &COLLEGE,99,9,7,77.8,1,2,2,100,0,10,6,60
200100344,4221033,ITHEMBELIHLE COMPREHENSIVE SCHOOL,3,145,73,50.3,29,179,75,41.9,32,148,58,39.2
200100347,4221034,JAMES JOLOBE SENIOR SECONDARY SCHOOL,3,86,41,47.7,40,108,45,41.7,23,103,24,23.3
200100973,4222035,KABEGA CHRISTELIKE SKOOL,99,24,22,91.7,0,24,20,83.3,0,7,7,100
200100892,4223036,KHANYISA SCHOOL FOR THE BLIND,99,3,2,66.7,3,8,5,62.5,0,7,3,42.9
200100381,4221037,KHUMBULANI HIGH SCHOOL,3,91,66,72.5,19,122,55,45.1,20,129,71,55
200100927,4221039,KWAMAGXAKI HIGH SCHOOL,3,117,80,68.4,18,178,100,56.2,73,80,67,83.8
200100427,4221040,KWAZAKHELE HIGH SCHOOL,3,94,52,55.3,19,129,73,56.6,21,156,60,38.5
200100119,4221041,LAWSON BROWN HIGH,3,154,142,92.2,0,158,139,88,0,144,127,88.2
200100133,4222042,LINKSIDE HIGH SCHOOL,5,98,95,96.9,0,127,121,95.3,0,97,93,95.9
200100468,4221043,LOYISO SENIOR SECONDARY SCHOOL,3,66,50,75.8,21,83,31,37.3,43,66,21,31.8
200100472,4221044,LUNGISA HIGH SCHOOL,3,127,82,64.6,18,177,59,33.3,48,145,36,24.8
200100497,4221047,MASIBAMBANE SENIOR SECONDARY SCHOOL,3,99,50,50.5,69,151,52,34.4,43,126,42,33.3
200100498,4221048,MASIPHATHISANE SENIOR SECONDARY SCHOOL,3,145,119,82.1,18,345,170,49.3,36,314,167,53.2
200100509,4221049,MFESANE SENIOR SECONDARY SCHOOL,3,88,75,85.2,17,157,74,47.1,68,165,74,44.8
200100117,4221050,MORNINGSIDE HIGH SCHOOL,5,76,57,75,2,144,100,69.4,8,82,50,61
200100531,4221051,MOTHERWELL HIGH SCHOOL,3,104,53,51,22,105,64,61,20,155,81,52.3
200100546,4221052,MZONTSUNDU SENIOR SECONDARY SCHOOL,3,139,37,26.6,74,159,64,40.3,82,157,59,37.6
200101034,4222053,NASRUDDIN ISLAMIC HIGH SCHOOL,99,25,25,100,0,26,25,96.2,0,27,27,100
200100555,4221054,NCEDO SENIOR SECONDARY SCHOOL,3,74,58,78.4,19,111,71,64,77,111,44,39.6
200100556,4221055,NDYEBO SENIOR SECONDARY SCHOOL,3,82,49,59.8,18,139,83,59.7,13,128,69,53.9
200100558,4221056,NDZONDELELO HIGH SCHOOL,3,170,129,75.9,12,135,98,72.6,14,230,171,74.3
200100563,4221057,NEWELL PUBLIC SECONDARY SCHOOL,3,73,36,49.3,0,77,48,62.3,29,87,33,37.9
200100567,4221031,NEWTON T.H.S,5,89,78,87.6,0,118,101,85.6,5,138,107,77.5
200100893,4223058,NORTHERN LIGHTS SCHOOL,99,94,53,56.4,0,8,7,87.5,0,8,7,87.5
200100618,4221059,PATERSON HIGH SCHOOL,4,108,87,80.6,27,122,92,75.4,8,120,104,86.7
200100619,4221060,PEARSON HIGH SCHOOL,5,168,168,100,1,181,181,100,1,213,213,100
200100626,4221061,PHAKAMISA SENIOR SECONDARY SCHOOL,3,87,30,34.5,6,69,32,46.4,31,133,42,31.6
200100638,4221062,QAPHELANI SENIOR SECONDARY SCHOOL,3,46,23,50,2,95,26,27.4,0,60,31,51.7
200100671,4221063,SAKHISIZWE SENIOR SECONDARY SCHOOL,3,79,36,45.6,43,115,39,33.9,28,48,28,58.3
200100678,4221064,SANCTOR HIGH SCHOOL,3,210,183,87.1,29,234,152,65,40,176,120,68.2
200100691,4211022,SHAW PARK COMBINED SCHOOL,2,7,3,42.9,0,17,4,23.5,0,15,2,13.3
200100716,4221066,SOPHAKAMA SENIOR SECONDARY SCHOOL,3,31,10,32.3,27,64,28,43.8,17,75,31,41.3
200100717,4221067,SOQHAYISA SENIOR SECONDARY SCHOOL,3,56,51,91.1,12,85,68,80,24,69,63,91.3
200900350,4221087,ST ALBANS SCHOOL,5,6,5,83.3,0,13,5,38.5,3,4,2,50
200100735,4221068,ST JAMES SECONDARY SCHOOL,5,83,68,81.9,7,91,72,79.1,8,60,47,78.3
200100745,4221069,ST THOMAS SENIOR SECONDARY SCHOOL,3,151,134,88.7,11,166,148,89.2,18,180,148,82.2
200100769,4221070,TAMSANQA SECONDARY SCHOOL,3,40,9,22.5,26,67,17,25.4,56,44,7,15.9
200100918,4222072,THE HILL COLLEGE,99,34,32,94.1,0,42,40,95.2,3,34,34,100
200100895,4222073,THEODOR HERZL HIGH SCHOOL,99,31,31,100,0,31,31,100,0,24,24,100
200100786,4221020,THUBELIHLE SENIOR SECONDARY SCHOOL,3,87,13,14.9,3,43,14,32.6,58,63,2,3.2
200100799,4221074,TYHILULWAZI SENIOR SECONDARY SCHOL,3,59,20,33.9,5,107,32,29.9,24,96,21,21.9
200100823,4221075,VICTORIA PARK HIGH SCHOOL,5,217,215,99.1,1,197,196,99.5,2,190,190,100
200100830,4221076,VULUMZI SENIOR SECONDARY SCHOOL,3,47,27,57.4,13,124,54,43.5,22,98,47,48
200100878,4221077,WALMER HIGH SCHOOL,3,170,46,27.1,71,155,55,35.5,122,237,51,21.5
200100846,4221078,WESTERING HIGH SCHOOL,5,161,161,100,2,186,186,100,0,170,170,100
200100851,4221079,WESTVILLE SECONDARY SCHOOL,5,123,111,90.2,16,175,138,78.9,23,117,104,88.9
200100869,4221080,WOOLHOPE SECONDARY SCHOOL,4,160,133,83.1,5,148,128,86.5,3,148,104,70.3
200600004,4071001,ABAMBO HIGH SCHOOL,2,104,39,37.5,1,119,51,42.9,0,85,44,51.8
200600076,4071002,BULELANI SENIOR SECONDARY SCHOOL,3,159,114,71.7,17,131,92,70.2,26,174,115,66.1
200600163,4071003,EKUPHUMLENI HIGH SCHOOL,3,69,57,82.6,3,86,77,89.5,2,113,100,88.5
200600206,4071004,FUNDA HIGH SCHOOL,3,119,72,60.5,0,107,58,54.2,3,95,55,57.9
200600245,4072043,GET AHEAD,99,78,68,87.2,2,70,63,90,0,62,51,82.3
200600253,4071005,HEWU,3,38,14,36.8,3,33,13,39.4,0,32,18,56.3
200600693,4071006,HEXAGON HIGH SCHOOL,5,92,80,87,9,83,81,97.6,5,87,83,95.4
200600267,4071007,HOeRSKOOL HANGKLIP,5,61,59,96.7,0,55,55,100,0,44,44,100
200600307,4071008,JOE SLOVO FREEDOM HIGH SCHOOL,3,114,64,56.1,14,103,38,36.9,30,96,49,51
200601022,4071009,JOHN NOAH HIGH SCHOOL,3,52,33,63.5,0,84,33,39.3,0,91,24,26.4
200600981,4071010,KHANYA HIGH SCHOOL,3,24,11,45.8,2,30,13,43.3,1,43,22,51.2
200601065,4071011,KWA-KOMANI COMP,3,159,103,64.8,46,241,124,51.5,41,119,88,73.9
200600886,4071012,LAVELILANGA SENIOR SECONDARY SCHOOL,3,27,6,22.2,0,18,13,72.2,3,18,14,77.8
200600375,4071013,LINGELIHLE SENIOR SECONDARY SCHOOL,3,135,100,74.1,51,170,86,50.6,42,116,66,56.9
200600400,4071014,LUVUYO LERUMO SCHOOL,3,186,64,34.4,2,149,50,33.6,0,137,59,43.1
200601105,4071015,MANZEZULU SENIOR SECONDARY SCHOOL,3,49,18,36.7,8,56,27,48.2,2,38,21,55.3
200600441,4071016,MARIA LOUW HIGH SCHOOL,5,191,122,63.9,73,165,111,67.3,25,92,79,85.9
200600503,4071018,MOLTENO HIGH SCHOOL,4,29,18,62.1,7,22,14,63.6,2,17,11,64.7
200600539,4071019,MZAMOMHLE HIGH SCHOOL,2,14,3,21.4,0,12,6,50,0,9,4,44.4
200600542,4071020,N. MOTMAN PUBLIC SCHOOL,3,59,21,35.6,0,49,32,65.3,0,83,47,56.6
200600556,4071021,NDLOVUKAZI HIGH SCHOOL,3,57,32,56.1,9,83,63,75.9,12,94,81,86.2
200600576,4071022,NGUBENGCUKA SENIOR SECONDARY SCHOOL,3,43,9,20.9,11,47,14,29.8,8,18,8,44.4
200600963,4071023,NKWANCA HIGH SCHOOL,3,150,99,66,10,164,119,72.6,1,173,119,68.8
200600986,4071024,NOMPUMELELO HIGH SCHOOL,3,116,49,42.2,22,120,46,38.3,5,69,49,71
200600643,4071026,NTUNJA SENIOR SECONDARY SCHOOL,3,25,11,44,0,24,13,54.2,0,28,11,39.3
200600799,4072027,OLIVET PRIVATE SCHOOL,99,12,12,100,0,15,12,80,0,15,10,66.7
200600667,4071028,PHAKAMANI SENIOR SECONDARY SCHOOL,2,8,6,75,2,19,18,94.7,0,23,16,69.6
200600691,4071029,QUEENâS COLLEGE BOYSâ HIGH SCHOOL,5,109,108,99.1,0,105,104,99,0,112,109,97.3
200600694,4071030,QUEENSTOWN GIRLS HIGH SCHOOL,5,103,103,100,0,101,101,100,0,100,100,100
200600071,4072031,ROYAL ACADEMY,99,48,41,85.4,0,51,41,80.4,2,38,28,73.7
0,4071050,SADA SCHOOL OF EXCELLENCE,1,,,0,,,,,0,11,4,36.4
200600738,4071032,SIBONILE SENIOR SECONDARY SCHOOL,3,22,9,40.9,1,17,11,64.7,0,16,5,31.3
200600739,4071033,SIBUYELE COMBINED SCHOOL,2,40,14,35,4,27,14,51.9,5,34,23,67.6
200600746,4071034,SIJONGEPHAMBILI,3,37,11,29.7,1,44,5,11.4,0,29,8,27.6
200600760,4071035,SIYAPHAKAMA SENIOR SECONDARY SCHOOL,3,62,11,17.7,7,46,8,17.4,9,22,17,77.3
200601117,4071036,SOVUKA SIKHANYE HIGH SCHOOL,2,18,5,27.8,0,23,6,26.1,0,25,10,40
200600779,4071037,SOYISILE SENIOR SECONDARY SCHOOL,2,50,23,46,1,49,28,57.1,0,31,16,51.6
200600885,4071038,VELALANGA SENIOR SECONDARY SCHOOL,3,21,6,28.6,0,18,7,38.9,0,15,7,46.7
200600898,4071039,VUSELELA COMBINED SCHOOL,2,41,20,48.8,1,43,14,32.6,0,31,8,25.8
200600903,4071040,W.B.RUBUSANA SENIOR SECONDARY SCHOOL,3,113,62,54.9,22,150,62,41.3,65,85,52,61.2
200600936,4071041,ZAMOKUHLE SENIOR SECONDARY SCHOOL,3,44,9,20.5,0,38,25,65.8,0,60,16,26.7
200600952,4071048,ZOLANI JUNIOR SECONDARY SCHOOL,3,,,0,1,54,9,16.7,0,74,9,12.2
200600956,4071042,ZWELEDINGA HIGH SCHOOL,2,82,41,50,0,93,22,23.7,0,91,36,39.6
200400034,4111001,BELE ZINGCUKA TECHNICAL COLLEGE,3,46,29,63,35,63,23,36.5,22,21,14,66.7
200500072,4111031,BUWA SENIOR SECONDARY SCHOOL,1,,,0,,,,,0,28,14,50
200400067,4111002,CAMERON NGUDLE SENIOR SECONDARY SCHOOL,2,24,23,95.8,9,51,41,80.4,9,32,30,93.8
200400359,4111025,TSOLO HIGH SCHOOL,3,55,43,78.2,40,91,39,42.9,8,89,61,68.5
200401321,4111026,UPPER CULUNCA SENIOR SECONDARY SCHOOL,1,15,14,93.3,12,42,17,40.5,9,16,9,56.3
200401143,4111027,WELSH SENIOR SECONDARY SCHOOL,1,10,8,80,125,138,21,15.2,43,53,19,35.8
200600012,4061001,ALIWAL NORTH HIGH SCHOOL,5,85,84,98.8,1,82,78,95.1,0,86,78,90.7
200600266,4061002,BARKLY EAST HIGH SCHOOL,4,25,23,92,0,29,28,96.6,0,24,24,100
200600048,4061003,BISHOP DEMONT SECONDARY SCHOOL,3,35,29,82.9,12,72,37,51.4,16,59,37,62.7
200600049,4061004,BLIKANA SENIOR SECONDARY SCHOOL,2,75,37,49.3,10,107,26,24.3,0,90,23,25.6
200600078,4061005,BURGERSDORP HIGH SCHOOL,4,45,44,97.8,0,51,51,100,1,45,44,97.8
200600152,4061007,EBENENZER NYATHI SENIOR SECONDARY SCHOOL,3,101,43,42.6,31,116,35,30.2,5,68,36,52.9
200600160,4061008,EGQILI SENIOR SECONDARY SCHOOL,3,109,75,68.8,0,119,91,76.5,0,72,57,79.2
200600190,4061009,ETHEMBENI SECONDARY SCHOOL,3,73,28,38.4,1,62,24,38.7,0,74,33,44.6
200600291,4061010,IMPUMELELO SENIOR SECONDARY SCHOOL,3,81,65,80.2,49,110,30,27.3,20,55,32,58.2
200600308,4061011,JONAS GODUKA SENIOR SECONDARY SCHOOL,2,18,14,77.8,6,49,20,40.8,2,34,13,38.2
200600985,4061029,LADY GREY ACADEMY,4,73,70,95.9,0,63,60,95.2,0,46,43,93.5
200600399,4061012,LUVUMELWANO SENIOR SECONDARY SCHOOL,2,90,41,45.6,50,126,45,35.7,35,43,28,65.1
200600424,4061013,MALCOMESS SECONDARY SCHOOL,3,108,59,54.6,1,97,62,63.9,36,91,49,53.8
200600428,4061014,MALIKHANYE SENIOR SECONDARY SCHOOL,3,86,62,72.1,51,159,83,52.2,122,56,38,67.9
200600446,4061030,MASAKHANE SENIOR SECONDARY SCHOOL,2,52,23,44.2,21,64,25,39.1,7,52,30,57.7
200600476,4061015,MEHLOMAKHULU SENIOR SECONDARY SCHOOL,2,128,69,53.9,77,145,53,36.6,89,80,66,82.5
200600972,4061016,MZOMHLE SENIOR SECONDARY SCHOOL,2,51,27,52.9,36,124,36,29,10,60,31,51.7
200600589,4061017,NKULULEKO SENIOR SECONDARY SCHOOL,3,55,18,32.7,29,95,33,34.7,35,61,33,54.1
200600606,4061018,NOMPUMELELO SENIOR SECONDARY SCHOOL,2,61,8,13.1,8,55,4,7.3,1,31,9,29
200600638,4061019,NTLALO SENIOR SECONDARY SCHOOL,3,18,14,77.8,2,16,13,81.3,8,11,11,100
200600649,4061020,NYATHELA SENIOR SECONDARY SCHOOL,2,116,37,31.9,32,144,41,28.5,0,56,28,50
200600670,4061021,PHAMBILI MZONTSUNDU SENIOR SECONDARY,3,41,26,63.4,2,26,11,42.3,11,33,27,81.8
200600708,4061022,REX MDEBUKA SENIOR SECONDARY SCHOOL,3,43,15,34.9,20,62,14,22.6,23,45,31,68.9
200601001,4061023,SIMPHIWE KHETHWA SECONDARY SCHOOL,3,25,10,40,0,45,14,31.1,0,67,8,11.9
200600037,4061024,SIVUMELENE SENIOR SECONDARY SCHOOL,1,46,20,43.5,0,29,18,62.1,0,19,7,36.8
200600795,4061025,ST TERESA SENIOR SECONDARY SCHOOL,1,151,123,81.5,20,256,184,71.9,0,127,109,85.8
200601149,4062026,STERKSPRUIT CHRISTIAN SCHOOL,99,30,30,100,0,25,24,96,0,30,30,100
200600801,4061027,STERKSPRUIT SENIOR SECONDARY SCHOOL,3,161,89,55.3,44,286,137,47.9,67,102,64,62.7
200600849,4061028,TLOKWENG SENIOR SECONDARY SCHOOL,1,236,162,68.6,3,312,186,59.6,0,140,127,90.7
200501280,4053025,VUKUZENZELE SPECIAL SCHOOL,99,3,3,100,4,13,11,84.6,3,9,4,44.4
200100312,4231001,BRANDWAG HIGH SCHOOL,5,183,180,98.4,1,163,162,99.4,0,157,156,99.4
200100909,4231002,DANIEL PIERNAAR THS,5,150,140,93.3,0,139,134,96.4,1,142,134,94.4
200100238,4231003,GAMBLE STREET SECONDARY SCHOOL,3,127,112,88.2,19,149,113,75.8,11,132,84,63.6
200101041,4232037,GLOBAL LEADERSHIP ACADEMY,99,37,37,100,0,39,39,100,0,44,44,100
200100291,4231004,HANKEY SENIOR SECONDARY SCHOOL,3,87,58,66.7,39,126,50,39.7,28,77,53,68.8
200100162,4231005,HOeRSKOOL DESPATCH,5,149,143,96,0,140,138,98.6,4,151,143,94.7
200100315,4231006,HOeRSKOOL MC LACHLAN,4,19,19,100,0,24,24,100,0,30,30,100
200100571,4231007,HOeRSKOOL NICO MALAN,5,152,150,98.7,0,154,154,100,1,174,172,98.9
200100325,4231008,HUMANSDORP SENIOR SECONDARY SCHOOL,3,235,211,89.8,45,299,251,83.9,41,307,269,87.6
200100357,4231009,JOHN WALTON SECONDARY SCHOOL,3,85,55,64.7,28,107,58,54.2,10,127,67,52.8
200100390,4231010,KIRKWOOD HIGH SCHOOL,4,23,23,100,2,35,35,100,0,34,32,94.1
200100454,4231011,LIMEKHAYA SECONDARY SCHOOL,3,73,42,57.5,17,52,34,65.4,44,53,43,81.1
200100473,4231012,LUNGISO PUBLIC HIGH SCHOOL,3,42,35,83.3,18,69,56,81.2,31,92,69,75
200100494,4231013,MARY MOUNT RC SECONDARY SCHOOL,5,63,46,73,0,59,44,74.6,0,75,64,85.3
200100503,4231014,MC CARTHY COMPREHENSIVE SCHOOL,3,66,48,72.7,42,111,52,46.8,7,62,38,61.3
200100525,4231016,MOLLY BLACKBURN SENIOR SECONDARY SCHOOL,3,253,183,72.3,33,239,159,66.5,38,215,117,54.4
200100529,4231017,MOSES MADIBA SENIOR SECONDARY SCHOOL,3,38,12,31.6,0,56,22,39.3,24,53,15,28.3
200100538,4231018,MUIR COLLEGE BOYS HIGH SCHOOL,5,74,68,91.9,0,70,68,97.1,0,86,84,97.7
200100572,4231019,NKULULEKO SENIOR SECONDARY SCHOOL,3,116,18,15.5,39,119,33,27.7,30,45,34,75.6
200100917,4231020,PATENSIE SECONDARY SCHOOL,3,19,3,15.8,15,34,8,23.5,0,16,7,43.8
200100937,4231021,PAUL SAUER HIGH SCHOOL,4,28,27,96.4,0,35,35,100,4,34,34,100
200100627,4231022,PHAPHANI SENIOR SECONDARY SCHOOL,3,54,18,33.3,20,80,21,26.3,19,83,45,54.2
200100640,4231036,QHAYIYALETHU F.E.T.,3,38,19,50,35,61,19,31.1,30,35,25,71.4
200100650,4231023,RIEBEEK COLLEGE GIRLS HIGH SCHOOL,5,88,87,98.9,0,88,87,98.9,0,78,78,100
200100657,4231024,ROCKLANDS INTERMEDIATE SCHOOL,2,40,34,85,18,47,29,61.7,0,46,30,65.2
200100674,4231025,SAMKELWE SENIOR SECONDARY SCHOOL,3,37,13,35.1,7,22,12,54.5,18,34,19,55.9
200100680,4231026,SANDISULWAZI HIGH SCHOOL,3,13,11,84.6,5,34,14,41.2,14,47,16,34
200100702,4231027,SISONKE SENIOR SECONDARY SCHOOL,3,69,20,29,1,93,21,22.6,6,52,16,30.8
200100713,4231028,SOLOMON MAHLANGU HIGH SCHOOL,3,74,54,73,0,89,68,76.4,18,112,91,81.3
200100731,4231029,ST COLMCILLE SENIOR SECONDARY SCHOOL,3,27,22,81.5,29,74,42,56.8,23,74,55,74.3
200100750,4231030,STRELITZIA HIGH SCHOOL,5,129,118,91.5,0,150,133,88.7,1,133,127,95.5
200100974,4225506,TEHILLAH CHRISTIAN ACADEMY,,,,0,0,100,48,48,5,71,55,77.5
200100772,4231031,THANDUXOLO SENIOR SECONDARY SCHOOL,3,37,13,35.1,14,67,15,22.4,9,50,15,30
200100788,4231032,TINARA HIGH SCHOOL,3,38,11,28.9,10,32,9,28.1,0,24,17,70.8
200100802,4231033,UITENHAGE SENIOR SECONDARY SCHOOL,4,184,158,85.9,24,206,179,86.9,68,229,196,85.6
200100810,4231034,V M KWINANA SENIOR SECONDARY SCHOOL,3,40,27,67.5,14,97,42,43.3,45,75,19,25.3
200100881,4231035,ZANOLWAZI SENIOR SECONDARY SCHOOL,3,72,20,27.8,55,100,27,27,39,54,29,53.7
442506316,3202001,AFRIKAANSE HSKOOL KROONSTAD,5,109,106,97.2,0,105,105,100,6,103,103,100
443611240,3201001,AFRIKAANSE HSKOOL SASOLBURG,5,121,114,94.2,7,117,112,95.7,8,133,126,94.7
443011135,3201002,BARNARD MOLOKOANE SS,1,95,82,86.3,57,92,88,95.7,55,131,128,97.7
442506237,3202002,BODIBENG SS,2,62,54,87.1,31,63,59,93.7,25,80,74,92.5
444611126,3202004,BOIPHIHLELO SS,1,42,38,90.5,1,87,71,81.6,3,101,88,87.1
443011180,3201004,BOITLAMO SS,1,94,64,68.1,1,73,55,75.3,20,84,71,84.5
444510328,3201005,BONGANE-LEBOHANG SS,1,37,29,78.4,15,68,45,66.2,27,47,38,80.9
442506332,3202005,BRENTPARK CS,3,40,34,85,15,58,50,86.2,5,54,42,77.8
442506338,3202006,CALCULUS KOLLEGE CI/S,99,30,28,93.3,0,27,26,96.3,0,19,17,89.5
443611168,3201006,CEDAR SS,3,147,83,56.5,16,125,97,77.6,48,94,84,89.4
442506199,3202009,DR REGINALD CINGO CSS,3,138,118,85.5,127,175,109,62.3,1,103,92,89.3
441610084,3201007,FALESIZWE SS,1,127,106,83.5,8,217,138,63.6,71,126,107,84.9
441811277,3202011,HEILBRON CS,5,40,40,100,0,27,27,100,0,29,29,100
443611245,3201010,HTS SASOLBURG,5,81,75,92.6,6,100,90,90,0,69,60,87
443611134,3201011,IKETSETSENG CSS,3,128,96,75,12,159,147,92.5,66,190,177,93.2
442506339,3202013,JSM SETILOANE SS,3,17,10,58.8,4,18,15,83.3,0,22,19,86.4
443611280,3201051,KAHOBOTJHA- SAKUBUSHA SS,3,76,66,86.8,16,109,77,70.6,32,131,125,95.4
442506078,3202014,KANANELO SS,3,116,101,87.1,52,131,129,98.5,31,158,145,91.8
444306340,3202015,KGABARENG TS,1,34,29,85.3,26,53,45,84.9,27,63,53,84.1
444306234,3202016,KGOLAGANO SS,1,87,87,100,53,132,132,100,93,116,109,94
442506318,3202019,KROONSTAD CSS,5,120,116,96.7,0,113,111,98.2,0,112,110,98.2
442411129,3202021,KWAKWATSI SS,2,42,34,81,22,45,38,84.4,9,39,39,100
443611141,3201012,LE NOTSI SS,2,76,57,75,29,60,29,48.3,12,57,49,86
442510187,3202025,MATLWANGTLWANG SS,2,74,61,82.4,9,43,41,95.3,22,76,69,90.8
441811178,3201015,METSIMATLE SS,2,25,18,72,12,41,32,78,0,30,27,90
441610200,3201016,MFUNDO THUTO SS,2,71,61,85.9,51,136,111,81.6,44,88,79,89.8
442506203,3202026,MOTSWELA SS,3,76,58,76.3,24,70,57,81.4,11,76,72,94.7
440506229,3202028,NAMPO ASS,1,35,34,97.1,0,51,51,100,1,56,56,100
442506241,3202029,NGWATHE SS,2,38,34,89.5,29,58,55,94.8,3,65,63,96.9
443611068,3201018,NKGOPOLENG SS,3,163,108,66.3,39,123,118,95.9,81,165,160,97
443611181,3201019,NOMSA SS,2,131,83,63.4,0,99,89,89.9,34,89,77,86.5
443011241,3201020,PARYS SKOOL SS,5,102,97,95.1,5,105,101,96.2,1,105,101,96.2
443611162,3201021,PELE-YA-PELE SS,3,92,73,79.3,4,99,70,70.7,34,60,48,80
443011028,3201022,PHEHELLANG SS,3,58,51,87.9,11,34,34,100,32,68,68,100
442506216,3202032,PHEPHETSO SS,3,83,67,80.7,58,170,151,88.8,52,154,144,93.5
441811229,3202034,PHIRITONA SS,3,138,116,84.1,6,142,121,85.2,55,190,162,85.3
441610173,3201023,QALABOTJHA SS,2,77,75,97.4,41,81,72,88.9,16,75,71,94.7
443611272,3202036,REBATLA THUTO SS,2,34,29,85.3,23,45,42,93.3,2,67,66,98.5
441610193,3201024,REFENG THABO SS,2,42,37,88.1,0,60,52,86.7,15,36,35,97.2
444306214,3202037,REHAUHETSWE SS,1,64,46,71.9,12,80,53,66.3,29,62,54,87.1
441610088,3201026,RETSHEDISITSWE SS,2,76,73,96.1,87,178,149,83.7,43,124,114,91.9
444306320,3202038,SALOMON SENEKAL CS,5,23,22,95.7,0,27,27,100,0,18,18,100
444611171,3202039,SAMUEL SEBEGO PAKI SS,1,101,76,75.2,8,83,69,83.1,4,94,81,86.2
441811260,3202040,SANDERSVILLE CS,3,,,,0,14,11,78.6,0,7,7,100
442411249,3202041,SAREL CILLIERS CS,3,27,26,96.3,1,37,35,94.6,0,32,32,100
443611242,3201028,SASOLBURG SS,5,157,154,98.1,2,164,161,98.2,0,149,149,100
441811147,3202042,SEDIBA-THUTO SS,1,79,75,94.9,44,103,97,94.2,39,62,60,96.8
442710262,3202043,STEYNSRUS CS,4,46,44,95.7,13,60,59,98.3,0,39,39,100
444306138,3202045,THABANG SS,1,48,38,79.2,33,126,79,62.7,77,87,60,69
442506169,3202046,THAKAMESO CSS,2,75,61,81.3,6,69,62,89.9,56,82,69,84.1
441610358,3201029,TSEBO-ULWAZI SS,2,58,29,50,20,38,35,92.1,18,55,41,74.5
441610264,3201031,TWEELING CS,2,44,43,97.7,0,38,38,100,0,30,30,100
443611170,3201032,VAAL CHRISTIAN CI/S,99,58,41,70.7,0,50,44,88,0,47,46,97.9
443611244,3201033,VAALPARK ARTICON,5,88,78,88.6,3,68,66,97.1,0,66,65,98.5
441610265,3201034,VILLIERS CS,4,6,6,100,1,14,13,92.9,0,11,11,100
443011203,3201035,WEIVELD ASS,1,62,59,95.2,10,79,79,100,5,59,56,94.9
441610266,3201036,WILGERIVIER CS,5,46,46,100,0,38,37,97.4,0,49,49,100
443011173,3201037,YAKHISISWE SS,3,62,51,82.3,23,84,78,92.9,13,82,71,86.6
442506335,3202048,ZENITH CI/S,99,40,34,85,3,36,35,97.2,2,44,42,95.5
440704214,3182001,AKADEMIA SS,2,121,97,80.2,36,71,67,94.4,20,105,95,90.5
440404129,3181001,ARAMELA CS,2,29,21,72.4,12,35,29,82.9,7,24,21,87.5
441912034,3182002,BAHALE SS,3,173,63,36.4,146,85,68,80,46,97,75,77.3
440404216,3181002,BOSHOF CS,3,77,72,93.5,5,87,82,94.3,26,97,80,82.5
440506317,3181003,BOTHAVILLE SS,5,64,63,98.4,1,74,74,100,0,68,68,100
440506235,3181004,BOVAAL ACS,1,6,6,100,0,18,13,72.2,1,19,17,89.5
440808296,3181005,BULTFONTEIN CS,5,17,17,100,0,30,30,100,0,27,27,100
444008294,3182006,CONCORDIA SS,2,70,55,78.6,12,63,56,88.9,34,83,78,94
440506232,3181006,DIPHETOHO SS,1,37,32,86.5,26,37,30,81.1,15,56,44,78.6
444712129,3181063,EDMUND RICE CI/S,99,26,25,96.2,0,24,24,100,0,27,26,96.3
444712056,3182008,ED-U-COLLEGE WELKOM CI/S,99,25,19,76,3,20,15,75,0,18,13,72.2
442908251,3181008,ELDORET SS,3,62,44,71,8,59,49,83.1,7,50,49,98
444712076,3182010,GOUDVELD SS,5,155,151,97.4,0,146,145,99.3,1,172,172,100
440808282,3181009,HANOVER CFS,1,16,6,37.5,19,33,22,66.7,6,18,17,94.4
444412077,3182011,HARMONY SS,5,76,72,94.7,20,99,95,96,1,83,72,86.7
441912078,3182013,HENNENMAN SS,5,46,45,97.8,1,54,53,98.1,0,46,45,97.8
444412079,3182014,HENTIE CILLIERS HS,5,133,128,96.2,4,109,108,99.1,0,115,112,97.4
444712082,3182015,HTS WELKOM,5,120,89,74.2,14,94,85,90.4,6,92,84,91.3
444908323,3181011,IPHATELENG SS,1,47,34,72.3,36,51,33,64.7,26,33,29,87.9
445008310,3182016,IPOPENG SS,2,32,18,56.3,18,50,40,80,5,27,25,92.6
444908152,3181012,ITHABELENG SS,1,95,79,83.2,61,124,85,68.5,14,71,68,95.8
444908008,3181013,ITOKISETSENG CFS,1,10,10,100,1,10,9,90,6,16,12,75
442908321,3181015,JC MOTUMI SS,2,89,65,73,42,85,61,71.8,33,98,64,65.3
440704040,3181016,KAGISANO CS,2,14,12,85.7,15,27,20,74.1,0,6,6,100
440404264,3181045,KGHOLOLOSEGO SS,1,30,21,70,19,34,24,70.6,16,46,16,34.8
441912110,3182017,KHELENG SS,3,89,74,83.1,126,120,102,85,39,81,79,97.5
442908307,3181019,KUTLOANONG SS,1,150,122,81.3,30,177,126,71.2,20,112,102,91.1
442908319,3181020,LA WESI SS,3,90,53,58.9,76,138,96,69.6,40,71,60,84.5
444712002,3182018,LEBOGANG SS,3,115,93,80.9,14,127,102,80.3,101,113,98,86.7
444712127,3182067,LEKGARIETSE SS,3,55,50,90.9,18,85,81,95.3,25,66,62,93.9
444712029,3182019,LENAKENG TS,2,61,25,41,6,77,63,81.8,31,45,37,82.2
444712040,3182020,LEPHOLA CSS,3,152,102,67.1,40,197,176,89.3,56,119,105,88.2
444712044,3182021,LESEDING TS,3,144,112,77.8,44,127,120,94.5,29,133,113,85
444712114,3182023,LETSETE SS,2,186,101,54.3,119,105,69,65.7,73,141,97,68.8
440506227,3181022,MAMELLANG-THUTO SS,1,93,82,88.2,20,123,113,91.9,45,131,117,89.3
444412025,3182024,MAMELLO SS,2,106,94,88.7,12,146,142,97.3,16,146,140,95.9
444412119,3182025,MAREMATLOU SS,1,184,171,92.9,26,127,121,95.3,12,108,107,99.1
444206211,3182026,MATSERIPE SS,1,112,78,69.6,99,106,69,65.1,85,122,73,59.8
444412113,3182028,MELODING SS,2,76,69,90.8,22,95,79,83.2,6,71,63,88.7
444908243,3181026,MONYAKENG SS,1,39,35,89.7,27,63,51,81,19,53,46,86.8
440506102,3181028,MOPHATE SS,2,89,77,86.5,14,102,94,92.2,34,91,84,92.3
442908234,3181029,MOSALA SS,3,89,66,74.2,57,75,52,69.3,29,70,66,94.3
445008150,3182030,NALEDI-YA-BOTJABELA SS,1,40,36,90,107,40,39,97.5,30,42,35,83.3
444712052,3182031,NANABOLELA SS,2,66,57,86.4,77,131,83,63.4,31,80,56,70
440506198,3181031,OZIEL SELELE CSS,1,76,62,81.6,43,75,53,70.7,16,49,35,71.4
442908055,3181033,PHEHELLO SS,1,81,69,85.2,158,220,178,80.9,31,126,118,93.7
440808312,3181027,RAINBOW SS,1,87,60,69,33,157,138,87.9,29,138,124,89.9
442908180,3181035,REARABETSWE SS,3,138,123,89.1,103,175,120,68.6,23,107,100,93.5
444412047,3182035,REATLEHILE SS,3,61,44,72.1,2,61,51,83.6,2,38,35,92.1
440704141,3182037,REFIHLETSE CS,2,8,7,87.5,17,44,20,45.5,6,14,13,92.9
442008316,3181037,RELEKILE SS,1,72,61,84.7,22,95,69,72.6,1,50,46,92
440808153,3181038,REPHOLOSITSWE SS,1,90,65,72.2,48,89,66,74.2,16,102,70,68.6
444712115,3182075,RHEEDER PARK COMBINED SCHOOL,2,48,33,68.8,18,66,48,72.7,33,60,37,61.7
444712080,3182039,RIEBEECKSTAD SS,5,81,79,97.5,0,101,93,92.1,3,115,111,96.5
444908298,3181039,SANDVELD CS,5,29,29,100,1,23,22,95.7,0,22,22,100
440404259,3181040,SENZILE CS,1,63,54,85.7,56,117,85,72.6,4,62,57,91.9
440704219,3182045,STAATSPRES SWART CS,5,31,31,100,0,37,36,97.3,0,41,41,100
444008151,3182046,TAIWE SS,2,55,55,100,6,119,115,96.6,25,66,65,98.5
444712033,3182047,TETO SS,3,175,147,84,35,197,151,76.6,41,226,180,79.6
444008299,3182048,THEUNISSEN CS,5,18,18,100,0,24,19,79.2,1,22,18,81.8
444712020,3182049,THOTAGAUTA SS,3,127,104,81.9,46,84,69,82.1,49,138,104,75.4
442008225,3181043,TIKWANE CSS,1,52,45,86.5,3,85,55,64.7,10,26,20,76.9
444712081,3182054,UNITAS CSS,5,155,117,75.5,29,171,132,77.2,57,152,127,83.6
444712083,3182058,WELKOM HIGH SS,5,209,190,90.9,9,219,196,89.5,15,172,156,90.7
444712107,3182059,WELKOM SS,3,56,35,62.5,62,78,36,46.2,32,93,59,63.4
444712075,3182060,WELKOM-GIMNASIUM SS,5,169,167,98.8,12,175,169,96.6,1,160,159,99.4
442908295,3181046,WESSEL MAREE SS,5,42,41,97.6,1,71,70,98.6,0,55,53,96.4
445008300,3182061,WINBURG CS,3,27,27,100,7,29,26,89.7,5,26,23,88.5
440304273,3171095,ACADEMY OF EXCELLENCE CI/S,99,30,26,86.7,0,25,24,96,0,35,35,100
440304267,3171001,ACCELERATED CHRISTIAN COLLEGE SI/S,99,41,36,87.8,0,38,28,73.7,0,43,36,83.7
443907314,3173002,ALBERT MOROKA SS,3,102,102,100,11,107,107,100,21,131,131,100
440303261,3171003,ATLEHANG SS,4,159,127,79.9,6,173,156,90.2,30,124,115,92.7
440304187,3171089,BAINSVLEI CS,2,50,49,98,0,51,49,96.1,7,52,50,96.2
443907315,3173003,BARTIMEA SCHOOL FOR THE DEAF AND BLIND,99,5,4,80,0,9,4,44.4,6,14,10,71.4
444802126,3172039,BLOEMFONTEIN SOUTH HIGH SS,5,112,87,77.7,17,105,85,81,1,99,95,96
440304212,3171004,BLOEMFONTEIN SS,5,140,134,95.7,1,142,137,96.5,1,143,140,97.9
440304255,3171008,BREBNER SS,5,297,283,95.3,1,294,261,88.8,3,299,265,88.6
440304207,3171055,C EN N H MEISIESKOOL ORANJE,5,117,117,100,0,155,155,100,0,144,144,100
440303127,3171009,CALCULUS BLOEMFONTEIN SI/S,99,86,77,89.5,57,66,60,90.9,0,46,42,91.3
440303237,3171010,CASTLEBRIDGE CI/S,99,29,18,62.1,2,18,13,72.2,1,14,9,64.3
441002116,3171011,CHRISTIAAN DE WET CS,4,56,54,96.4,1,60,60,100,1,53,53,100
440304223,3171012,CHRISTIAN BROTHERS COLLEGE CI/S,99,24,24,100,0,26,26,100,0,32,32,100
443907266,3173005,CHRISTIAN LIPHOKO IS,3,45,43,95.6,44,79,67,84.8,39,92,59,64.1
440303102,3171013,COMMTECH CSS,3,150,123,82,0,132,87,65.9,64,241,142,58.9
440304241,3171016,DR BLOK SS,4,79,63,79.7,0,211,117,55.5,14,154,115,74.7
440303196,3171015,DR VILJOEN CS,5,97,88,90.7,9,72,57,79.2,0,95,82,86.3
445203253,3171105,EMET CHRISTIAN COLLEGE,99,,,,,,,,0,2,2,100
440304210,3171017,EUNICE SS,5,177,177,100,0,174,174,100,0,164,164,100
441207293,3173006,EXCELSIOR CS,3,23,19,82.6,6,9,8,88.9,7,15,10,66.7
440303188,3171019,FICHARDTPARK SS,5,196,196,100,0,192,192,100,1,207,207,100
